filename,Bin_emo,Tap_emo,HNR,MFCC_min,MFCC_q1,MFCC_q2,MFCC_q3,MFCC_max,RMS_min,RMS_q1,RMS_q2,RMS_q3,RMS_max,Cent_min,Cent_q1,Cent_q2,Cent_q3,Cent_max,Roll_min,Roll_q1,Roll_q2,Roll_q3,Roll_max,pitch_min,pitch_q1,pitch_q2,pitch_q3,pitch_max
U20/sound_20220804_162642.wav,1,0,11.627721476110256,21.733345332581628,45.40861043238004,51.35840499791024,56.05841856896309,66.04233233098586,0.0,46.27031926108383,242.8563995590691,812.7515775392782,1868.868197819288,0.0,1065.7261293621614,1565.8649532639463,1930.670628174184,5602.398372166508,0.0,1593.45703125,2454.78515625,3079.248046875,13845.849609375,-94874019201.99998,-1167281776.9999986,-416.9999969599935,1113043269.0,214872377685.99997
U20/sound_20220804_202146.wav,0,1,11.943961320797674,23.95910299385064,47.89181521041392,52.026839468709966,56.59285293394153,66.562376150603,0.0,83.9701022940063,201.50840680531013,808.6696457329358,2667.228312974942,0.0,1310.5078084201386,1714.3526694770076,2017.38203587989,4975.828001840242,0.0,2072.57080078125,2799.31640625,3294.580078125,12360.05859375,-149620655070.99997,-1228584690.0000017,-1197.0000003612136,1181898316.9999998,354852310265.9999
U20/sound_20220805_080849.wav,1,0,9.811413389397568,21.324052058585792,48.48121154402876,52.79938518583104,55.94317083770285,67.48402687645,0.0,88.92465139740733,201.5126917545305,559.5817272575028,1471.7293039288743,0.0,1531.948515505578,2112.473577764236,2828.910048286805,4975.828001840242,0.0,2842.3828125,3552.978515625,4565.0390625,12360.05859375,-59662336204.999954,-444161291.0000003,-600.0000015251196,430554660.9999992,106818161435.99994
U20/sound_20220805_111140.wav,0,-2,11.4188548983268,25.58233488985826,46.73584338332751,48.86583245838733,54.80124828794318,66.75717571165151,0.0,65.87442925511765,79.36456931957264,483.4212227584565,2257.524619730958,0.0,1458.3034493564264,1801.2373524294476,2004.342349830476,4975.828001840242,0.0,2390.185546875,2993.115234375,3337.646484375,12360.05859375,-77724639235.0,-119030211.9999995,-31.000000202012497,116744288.4999992,111302783802.00002
U20/sound_20220805_160125.wav,0,-2,12.157248851397878,26.18438386002571,50.12722724588564,54.6187279785616,58.57208423863453,69.81901283651142,0.0,96.87888387219417,303.8702279185758,874.2981533852961,2606.481930721136,0.0,1332.9936520194892,1794.8778638776394,1984.8452848164848,4975.828001840242,0.0,2045.654296875,2885.44921875,3186.9140625,12360.05859375,-137427262924.0,-606907311.5000014,-481.9999996610238,580245532.0000004,315534621754.0
U20/sound_20220805_195758.wav,1,0,10.52449132272563,26.14865842104424,50.47274914021503,52.72255460435687,56.72850808307408,63.02331871501546,0.0,73.4700958245513,92.9819817264681,600.1524208254568,2501.01385252608,0.0,1321.5370233571855,1510.111616463309,1907.3977191757767,4975.828001840242,0.0,2045.654296875,2476.318359375,3079.248046875,12360.05859375,-83109094282.99997,-206416909.5000012,-706.0000012184795,168387818.50000066,127862229909.99995
U20/sound_20220805_224225.wav,1,0,9.983021162917463,22.20401048893632,50.77059938919908,52.81469405332243,57.87513932681731,70.50985359689639,0.0,78.01700660953675,132.8384754010486,595.3937132924104,1506.378050346727,0.0,1389.0911393148117,1710.74065120889,1901.380450383767,5083.026316178944,0.0,2196.38671875,2648.583984375,3079.248046875,12596.923828125,-73251981089.99998,-427777335.0000004,-737.0000001226056,406682716.0000023,110963168593.99995
U20/sound_20220806_110148.wav,0,-2,13.588519008806928,26.27078753401838,45.64468619501609,48.5758100682808,56.70306274406795,65.70725227911535,0.0,50.99888351794588,95.70456349484286,810.7268225308108,3059.3707515611463,0.0,1368.9442355843828,1994.0276263323865,2354.608453094821,4975.828001840242,0.0,2196.38671875,3294.580078125,3768.310546875,12360.05859375,-196848335255.0001,-1359187413.000002,-291.0000002450169,1322816853.000001,297077580855.0
U20/sound_20220806_134608.wav,0,1,10.622609343693108,26.614849466260075,56.31101878873342,58.65100285073215,60.87048686807076,71.15501330060856,0.0,230.39763660324317,637.931155900046,1331.3479857341922,3340.3412758811737,0.0,1353.8998293163331,1657.6605405942794,1929.161855838248,4975.828001840242,0.0,2045.654296875,2691.650390625,3165.380859375,12360.05859375,-256258928303.0,-1926058814.4999988,-11269.99999542206,1807803838.9999988,678469947978.9999
U20/sound_20220806_190633.wav,1,0,6.939369430741733,23.93504021618869,47.072957294411886,51.582202079088674,56.93304767400903,68.798658849287,0.0,99.9774604085256,308.8817532679519,779.2444104720139,1719.339578850654,0.0,1391.6454010318976,1732.7263638551246,2243.220683043435,4975.828001840242,0.0,2088.720703125,2756.25,3418.39599609375,12360.05859375,-61107242307.00002,-318777954.49999976,-126.00000009604724,304033569.50000006,137585379437.00003
U20/sound_20220807_155150.wav,1,2,11.189616159130027,23.436328420375336,45.84030970927866,51.85747305711474,55.98292865209309,65.5660268138744,0.0,55.621216891217045,265.99126919655697,725.9128197618234,2149.9413107451182,0.0,1301.2224904924446,1748.397078169897,2095.837210809344,4975.828001840242,0.0,2104.87060546875,2993.115234375,3488.37890625,12360.05859375,-64065177937.99999,-405906262.99999946,-163.99999916728402,374755561.999999,188190746712.99997
U20/sound_20220808_110954.wav,0,-2,14.673945876817395,24.290236617063023,42.35552535319123,46.89537890313505,55.22059292906549,64.49487888287317,0.0,28.688837656334115,76.34086594467654,781.667179605525,2133.9048878318126,0.0,1046.8448613083322,1683.2101682574107,2173.854885299851,4975.828001840242,0.0,1701.123046875,2950.048828125,3617.578125,12360.05859375,-144711292069.00015,-608283083.9999995,-48.00000233291514,590377360.0,170051615602.00006
U20/sound_20220808_170936.wav,1,0,11.45057256939503,21.97671446605409,38.83647434832994,42.217959099095495,51.80298407027465,66.23275141723508,0.0,12.232566460928933,35.10665251460541,507.6359696377068,1339.9477486970457,0.0,1296.72852811602,2091.54046368199,2427.636779812059,4975.828001840242,0.0,2131.787109375,3488.37890625,4091.30859375,12360.05859375,-43905773212.0,-249251096.99999887,-31.000000697299715,239727791.0000009,60237729527.000015
U20/sound_20220808_224741.wav,1,0,9.12381010333844,22.89647922225512,52.56786240553557,55.10215277260081,58.1975799508534,66.72556813955302,0.0,163.4492122747895,240.38796697874403,875.4136753963207,1905.2433661292955,0.0,1487.2176352892263,1838.889619075301,2036.588392290328,4975.828001840242,0.0,2390.185546875,2993.115234375,3289.19677734375,12360.05859375,-61446547318.99999,-537381558.0000007,-1259.000000120351,472829661.50000095,146016241888.99997
U20/sound_20220809_153848.wav,1,0,10.953233781352154,32.083090320946035,52.274018099148336,56.349369220743405,59.862804920824495,75.5891859478128,0.0,81.45499080684836,223.89653568424467,837.5494822718872,5391.207353869992,0.0,1250.3678751013804,1671.647778952598,2020.811517071472,4975.828001840242,0.0,2196.38671875,2950.048828125,3402.24609375,12360.05859375,-200850548713.0,-756329142.0000007,-14.000004725783352,742468915.9999969,397950641550.0
U20/sound_20220809_202203.wav,0,-2,11.522400993940046,22.94966172955928,44.73138070081435,49.829777595567336,54.94025310440195,64.88973321802276,0.0,52.43600650004164,247.18180213457848,634.8329539471094,1811.2032713196668,0.0,1059.3883800922172,1484.5715219737167,1939.416358314512,4975.828001840242,0.0,1598.84033203125,2562.451171875,3267.66357421875,12360.05859375,-57055260886.99999,-352725417.0000004,-256.0000009842225,339603529.9999986,121187187010.0
U20/sound_20220810_114821.wav,0,-2,13.93172058701415,19.190403378430585,41.6286315919689,48.58530967222073,53.59612140440464,61.002793768673854,0.0,44.99886284071859,244.8690424260434,624.5855308018831,1041.6476316750395,0.0,1004.7879070985248,1486.7583701327744,2008.5742348079707,4975.828001840242,0.0,1491.17431640625,2680.8837890625,3461.46240234375,12360.05859375,-92004583242.99998,-818985420.0000011,-58.00000026090652,797429465.9999985,131963010579.0
U20/sound_20220810_230007.wav,1,0,8.48300218777947,23.181073043412997,54.76553586584436,57.079561677671045,59.96502891239053,68.53845438340112,0.0,189.8855740966122,246.3465744954149,746.9110386179702,1768.461774081283,0.0,1504.144522353333,1826.945551639615,2000.05888065495,4975.828001840242,0.0,2583.984375,3014.6484375,3273.046875,12360.05859375,-91085478434.99994,-952091875.9999988,-693.999999907172,944143450.0000006,169049654920.9999
U20/sound_20220811_190050.wav,0,1,11.160591013478914,22.852419445439292,48.478455850313736,52.02981219430145,55.99170035161694,62.944276511419964,0.0,73.10687542478477,148.34882713293945,686.1907725750817,1791.654713880309,0.0,1178.787983082261,1574.0307987369729,1988.9603278988304,4975.828001840242,0.0,1851.85546875,2648.583984375,3531.4453125,12360.05859375,-108635117414.99994,-873503918.000001,-1931.00000152274,818408840.999999,207346157262.99988
U20/sound_20220812_194841.wav,0,-2,12.52200429269364,23.13661749886337,44.8217382485822,48.27193584761372,54.017237902898906,62.73045779021276,0.0,33.258615685728,93.69826118999386,462.37080909711113,1646.7169216708703,0.0,1106.3528130988177,1602.4449222880155,1910.3179971506545,5276.568562196975,0.0,1765.72265625,2799.31640625,3316.11328125,12360.05859375,-59469361342.99999,-310025350.99999994,-71.999999675369,310567486.99999934,72860978446.0
U20/sound_20220813_115303.wav,1,0,10.822350158452094,26.690994682538527,39.40191183215651,42.4141331483758,51.67253867333855,62.432345689434605,0.0,16.811996608209245,28.27311694820509,476.4919481682746,2414.677284783297,0.0,1323.7669944607635,1844.258720459754,2142.7959451465417,4975.828001840242,0.0,2347.119140625,3229.98046875,3617.578125,12360.05859375,-67345343300.99992,-251689236.99999976,-165.99999923238562,222129285.49999875,94300333161.99995
U20/sound_20220813_202732.wav,0,-2,13.76476252328978,19.62939757849311,39.26877291153063,41.918934794138366,49.378788910512114,63.3123304211625,0.0,17.22452493305972,31.191632992679303,284.9768141292256,1200.0897763048422,0.0,1316.376839589228,1848.717263042332,2192.750034679869,4975.828001840242,0.0,2260.986328125,3186.9140625,3639.111328125,12360.05859375,-57391736311.99999,-264188747.00000036,-43.00000040179569,261786021.00000083,65400008148.99999
U20/sound_20220813_224235.wav,0,-2,10.68268001836656,25.461222931748107,51.45438235634691,53.14209049342489,57.5168720545231,64.4617278215038,0.0,123.6636179766136,140.17069522674362,584.4428736674902,2199.3493128428563,0.0,1593.4216974374067,1817.476130267264,1948.152734714626,4975.828001840242,0.0,2632.43408203125,3014.6484375,3273.046875,12360.05859375,-101103408820.0,-303410773.00000024,-454.9999996502413,296243024.0000013,167713983418.99997
U20/sound_20220814_080512.wav,1,0,8.856185607583223,30.09915757623017,57.342786378477655,60.35453990831073,62.916912204678354,69.75939396290863,0.0,315.8589151228558,743.5633711454484,1425.419820640406,4185.550125494538,0.0,1574.6056257277364,2067.7051116360003,2452.2301397083866,4975.828001840242,0.0,2793.93310546875,3466.845703125,4091.30859375,12360.05859375,-229489506123.0,-1870209475.0,-1343.0000040750103,1752014459.499999,755489707308.9999
U20/sound_20220814_124940.wav,1,0,11.404041560171953,23.238987133270257,47.91517188795088,50.598161111572026,55.2572987622744,65.15428733708427,0.0,52.41828828274397,78.66427315556759,497.51783054131295,1698.7883589994,0.0,1604.182918231615,1960.2518268544625,2203.4798823910937,4975.828001840242,0.0,2777.783203125,3251.513671875,3596.044921875,12360.05859375,-71816677413.99988,-279246031.0000004,-245.0000005767566,261631858.49999988,92159839747.99985
U20/sound_20220814_204317.wav,0,-2,8.834543199259521,25.741180905345303,51.07901664823875,55.14460660168365,58.27828685414235,68.39698407624209,0.0,133.24846643658782,335.8252481649551,745.9307737245716,2418.0275157438823,0.0,1217.1612903457526,1645.5552933115634,1983.1030393492097,4975.828001840242,0.0,1900.30517578125,2799.31640625,3294.580078125,12360.05859375,-118774895805.99992,-1160382951.4999986,-777.0000032263067,1134246126.5,232934620423.99985
U20/sound_20220815_123607.wav,1,0,11.51605952974223,24.146980832925596,48.40793301132573,52.21753898021712,56.75137263600886,65.36327322143211,0.0,55.5469519162618,236.6905748496468,863.7241595718652,2077.78968864377,0.0,986.646250935712,1234.1687129360898,1544.872836408575,4975.828001840242,0.0,1205.859375,2002.587890625,2583.984375,12360.05859375,-78836162443.99997,-538276905.4999998,-102.00000108056794,507066352.5,137859322086.99994
U20/sound_20220815_203728.wav,0,-2,12.52603083075547,20.527137090876945,51.95145671039991,55.37231288642443,58.05363762279108,65.16658282829106,0.0,172.73842501470975,544.7652855208321,744.677040093871,1209.528396481261,0.0,911.9973460050572,1328.346100196908,1898.3398156309688,4975.828001840242,0.0,1205.859375,2519.384765625,3337.646484375,12360.05859375,-211892908111.99997,-1939389320.0000024,-223.9999996940107,1903378952.999996,324898162387.9999
U20/sound_20220816_111530.wav,0,1,13.133824816112082,23.78006304055896,45.18772108328096,50.09397989064544,55.05989710020791,64.0350840070896,0.0,57.82322113427917,210.3227674406797,696.374358073322,1927.7108316064855,0.0,958.3882302827805,1483.2070166395988,1850.5359414520265,5094.144149594911,0.0,1291.9921875,2325.5859375,2993.115234375,12553.857421875,-145029269762.99994,-1070558165.0000006,-516.0000005106788,1058448301.9999974,210946041986.99988
U20/sound_20220817_092951.wav,1,0,11.571346163094994,18.358267591368776,39.9201328023011,43.95361502714476,51.65708828919854,60.12844932876976,0.0,23.251084251891907,50.42487934572824,502.49972078430886,930.6134663909204,0.0,1209.439795310328,2019.2688074540688,2367.3889543520854,4975.828001840242,0.0,1991.8212890625,3251.513671875,3682.177734375,12360.05859375,-32656085840.000008,-289040173.0000004,-12.99999976958926,283437251.0,42684071941.0
U20/sound_20220817_173309.wav,1,2,8.128157304110776,25.13963983299725,56.23448999973657,59.909461646448726,62.99057384879889,70.77943155177925,0.0,324.51688784602794,773.8162811367547,1251.0637567332997,2634.40994054898,0.0,1037.6339563138265,1207.5836531078785,1561.6325398570675,4975.828001840242,0.0,1577.30712890625,1959.521484375,2691.650390625,12360.05859375,-193942932501.0,-1466627229.9999988,43.00000324137076,1472893331.999996,488376829577.0
U20/sound_20220817_222212.wav,0,-2,3.8865860589412793,28.201005653408323,63.665806540702,66.18647156563722,68.97932007514282,78.8595931341848,0.0,339.31971999803375,553.2811489515582,840.120102956519,2949.104052322634,0.0,1530.7652100944613,1810.230375085178,2129.8415726961603,4975.828001840242,0.0,2659.3505859375,3122.314453125,3574.51171875,12360.05859375,-72052083448.99998,-989875845.0000012,1730.0000007522456,966310233.9999994,214265158986.99997
U20/sound_20220818_092910.wav,1,0,10.180520180003631,21.53561051305997,43.36881074114518,46.99900393409462,53.82683765857125,68.14486598034912,0.0,30.58731707004016,75.47853553529114,573.4135929086451,2092.8464799578287,0.0,1320.2079951691062,2009.6191672465557,2387.3476240723617,4975.828001840242,0.0,2217.919921875,3283.8134765625,3983.642578125,12360.05859375,-48956561742.00001,-314582580.9999996,-226.99999951041,289505616.0000003,107569042824.99992
U20/sound_20220818_174550.wav,0,-2,10.931205853418996,31.46124841169904,56.05680309261261,58.98694565780738,61.491862100375336,67.221485177377,0.0,298.6173226250152,1053.6590720015763,1795.96123076588,5357.655748654793,0.0,1201.203739266164,1479.1350156785195,1728.7253406593786,4975.828001840242,0.0,1701.123046875,2088.720703125,2691.650390625,12919.921875,-396325165401.00006,-3637870143.000007,-2294.000006972405,3382452994.9999943,1375755846725.9998
U20/sound_20220818_224047.wav,1,0,7.660748476435962,26.305389044746992,59.31931210605424,61.45605550478901,63.56634204216935,70.15111124208607,0.0,414.3840702938366,502.5631495672683,1438.0880394933145,3258.0968254224927,0.0,1937.223639678493,2211.396441871453,2374.392868790866,4975.828001840242,0.0,3057.71484375,3477.6123046875,3725.244140625,12360.05859375,-146684850922.00006,-782938767.0000007,-1390.0000017957286,745500849.500001,498483713982.0001
U20/sound_20220819_125926.wav,0,-2,7.956355584199273,27.09033557269477,60.38094169252805,63.19677883347103,66.06065303436333,77.81579120892083,0.0,352.5052749871012,437.5526688943213,1040.5985802613277,3658.787025110533,0.0,1224.7507748509393,1493.837053631742,1665.554490448582,4975.828001840242,0.0,1932.60498046875,2390.185546875,2670.1171875,12360.05859375,-477491392600.0,-3640739018.9999967,-4266.000002991085,3581505324.000001,746042535302.9998
U20/sound_20220819_223950.wav,1,0,13.033541347950605,20.791313712220852,43.95763277418553,46.31379524287171,52.93752431999112,62.59565896215547,0.0,27.664599703694336,38.1326388351403,515.787071965869,1329.415342484068,0.0,1147.64667517339,1841.56644789639,2102.4545904230163,4975.828001840242,0.0,1808.7890625,3229.98046875,3574.51171875,12360.05859375,-40061296746.99999,-65339861.00000014,-132.0000002692812,60149596.99999895,55994385818.99999
U20/sound_20220820_141848.wav,1,0,17.383499613802968,23.64680812651122,40.24422525593956,42.77608381690611,49.29883486499609,61.99009145017687,0.0,16.08452405458427,24.871437009273308,695.9177281654779,1980.0884769284537,0.0,637.1864662909855,1746.9462904049324,2013.108468276225,4975.828001840242,0.0,775.1953125,2950.048828125,3466.845703125,12360.05859375,-92318416141.99994,-390598489.9999999,-6.000001584505863,381980278.0000013,105879658742.99994
U20/sound_20220820_192508.wav,1,0,8.319840228948392,16.754839904887188,45.42217622287597,48.32990931528751,52.07198216860637,59.96158806325733,0.0,53.60792909838111,84.72365464408391,335.94484050061067,842.5329240019904,0.0,1222.3323951392172,1445.0805686758158,1583.5198074387235,4975.828001840242,0.0,1937.98828125,2304.052734375,2680.8837890625,12360.05859375,-11885541614.999992,-158661499.99999988,-236.00000008812972,153124988.49999988,24661371490.999985
U20/sound_20220821_120400.wav,0,-2,10.991541804877595,26.40394143513766,50.19322829824936,56.94438445964144,59.848940187913854,68.43051956100547,0.0,167.1411345493533,703.9738646771182,1051.0904565246974,2959.5809099596613,0.0,1066.309349021179,1490.3133447601665,1859.865396058656,5309.744846981863,0.0,1658.056640625,2476.318359375,3165.380859375,13049.12109375,-354673510774.9999,-3047823142.0000005,-502.9999985026005,3033606542.999993,483704446544.9998
U20/sound_20220821_211539.wav,0,-2,12.368658551932848,28.04654189823176,52.2227474045896,56.01108458036769,58.86930359090399,69.00467079631301,0.0,121.58323678814834,621.1202770161717,1227.6314929604216,3172.85464528359,0.0,924.5408440780584,1376.0749248363252,1608.49637957164,4975.828001840242,0.0,1184.326171875,2174.853515625,2670.1171875,12360.05859375,-254441128766.00003,-2103170783.000001,-1101.9999986445353,2003877094.000007,582404010458.0001
U20/sound_20220822_125416.wav,1,0,8.951999209878748,18.43154927837781,53.399845905605375,57.10897047632606,59.89144015004105,70.02467038599701,0.0,133.2626324189146,251.10895353007376,679.2483735919753,1421.888830633284,0.0,1332.1009418088408,1662.3691602926388,1904.9592763497185,4975.828001840242,0.0,2153.3203125,2713.18359375,3208.447265625,12360.05859375,-40654505623.99999,-423079485.9999991,-592.00000039511,404743814.0000005,83966251973.99995
U20/sound_20220822_180522.wav,1,2,14.374862739378406,24.11758008521129,42.28781236058645,47.55618160497109,52.85343664417027,63.88674557045086,0.0,39.92149124688018,153.1581495298859,636.8824348418364,3014.2172504337677,0.0,920.901694516356,1365.077006140942,1790.071224542239,4975.828001840242,0.0,1098.193359375,2196.38671875,3084.63134765625,12360.05859375,-130748271492.99992,-549211944.4999998,-609.9999985682373,530047866.0000009,225828270946.99988
U20/sound_20220823_131814.wav,0,-2,15.638322052214251,22.967466926953136,42.36992235857786,50.1707490824252,53.9133803198253,61.488999577809935,0.0,33.1161913405852,397.9106191594335,831.3879664053322,1739.9865750200488,0.0,894.69786784134,1273.66284081293,1985.851538543952,4987.425386869132,0.0,1098.193359375,2088.720703125,3294.580078125,12360.05859375,-147974622437.00003,-1532905246.000001,-42.99999985557922,1491615817.500002,192504480203.0
U20/sound_20220823_222436.wav,0,-2,11.303358297723364,24.14693271658633,48.62136759174059,52.54611691971349,56.63991706092407,63.53654823605736,0.0,65.0889361880965,280.9487392246598,818.56266030259,1900.3420763968309,0.0,916.42197070267,1266.283038551564,1661.054389834704,4975.828001840242,0.0,1162.79296875,1981.0546875,2777.783203125,12360.05859375,-110460440234.00002,-594085735.9999995,-839.9999999920203,535364778.5000011,178458153552.0
U20/sound_20220824_083936.wav,0,-2,13.298759445094648,27.07770930506858,40.724304000520384,47.62890437715491,54.16168112819961,62.04634444699533,0.0,26.126289591377112,164.1139383648598,662.6657641972026,3054.1670434980865,0.0,908.9274865736834,1492.1881499248884,2279.8411609120426,4975.828001840242,0.0,1098.193359375,2863.916015625,3746.77734375,12360.05859375,-137632174062.99994,-746846074.5000005,-49.99999975747372,736589383.0000002,174603874791.00003
U20/sound_20220824_160415.wav,1,0,11.822933162068136,22.938496420014182,44.64904529320199,49.7268557283867,54.24334572010789,70.97165794012822,0.0,44.53669861370651,242.2224377070647,561.2812378006568,2579.188445159549,0.0,1135.911822918179,1711.0881110883838,2251.2466516556124,4975.828001840242,0.0,1830.322265625,2896.2158203125,3719.86083984375,12360.05859375,-42924107803.0,-257697193.0000001,-110.00000036941408,247471739.00000048,80697566570.00002
U20/sound_20220824_224245.wav,1,0,12.78706477501251,27.239352421128896,56.51830590383511,59.196606760461535,62.39718259648922,68.76236894861529,0.0,222.45321554310863,336.24773393172296,1829.0378196481136,2744.390887298155,0.0,1093.3196898223798,1591.8389713949032,1922.90331923168,4975.828001840242,0.0,1658.056640625,2691.650390625,3273.046875,12360.05859375,-310075657740.9999,-2603484147.000005,-379.0000112917279,2488284472.000007,378848053852.9999
U20/sound_20220825_133811.wav,1,0,11.962428756586862,27.84322972462997,45.49304445020508,51.62472542906101,56.393993428050976,65.89733739198593,0.0,41.58758054357995,432.1686236161543,1175.9981814000607,3316.43627445184,0.0,1019.1595476278978,1518.095220488997,1839.0229796627573,4975.828001840242,0.0,1335.05859375,2476.318359375,3165.380859375,12360.05859375,-103018411439.99994,-619480016.9999988,-193.00000144416387,580375107.9999968,340253205784.9998
U20/sound_20220825_200900.wav,0,-2,12.230939670269482,19.944832744311388,43.26567675485608,49.08021696725707,53.48457017802868,63.20710409058599,0.0,36.5642741986271,257.24381985432706,500.1221694191847,1256.3431279613787,0.0,965.3040941266654,1319.7734133430745,1949.0567594722293,4975.828001840242,0.0,1399.658203125,2217.919921875,3450.69580078125,12360.05859375,-62500964103.99999,-431967942.5000007,-10.999999426771392,429794357.50000006,75608326231.99997
U20/sound_20220826_132141.wav,0,-2,11.565079513962898,27.876755034886028,56.17089776283085,59.83241390283978,62.42498815566797,76.62367699637309,0.0,202.36924496915864,1067.9336015459758,1656.3088110797594,3865.147170156999,0.0,1358.3416548432722,1781.2177587816532,2220.4574718638946,4975.828001840242,0.0,2260.986328125,3014.6484375,3574.51171875,12360.05859375,-281665294123.99994,-2509150961.999997,-2385.9999899310305,2212544851.500001,824755973559.9999
U20/sound_20220826_165537.wav,1,0,12.241104310284724,21.605760141183257,39.73323081262093,44.53038484248373,53.2960978770429,63.69860902406938,0.0,16.99043115270031,91.6106644927652,736.7468065892599,1840.1160500459523,0.0,1244.812109296037,1960.533516050196,2490.590727194747,4975.828001840242,0.0,2191.00341796875,3488.37890625,4242.041015625,12360.05859375,-68766433636.99997,-267475539.99999887,-74.00000172048028,237045254.99999848,111583511638.00002
U20/sound_20220826_231708.wav,0,-2,7.843214219983054,22.94889901941361,57.43366618004614,60.03629119629742,62.3949728648324,70.05251691638036,0.0,301.6103054724548,596.1528492983679,959.9002069103656,1911.8710823809568,0.0,1202.0415897969183,1426.6998884005193,1620.6868261013735,4975.828001840242,0.0,1722.65625,2110.25390625,2519.384765625,12360.05859375,-195434637802.0,-1605746988.9999976,-2948.0000033505603,1589479425.5000024,299564608831.0
U20/sound_20220827_124154.wav,1,0,10.4642554210407,28.83344163273534,56.645659470248944,59.2073017256511,61.33561665041701,70.21454650160345,0.0,220.021139343047,588.4173721995724,1460.3421805110224,4653.197649281755,0.0,1525.0439142698008,1858.5923039261647,2118.941799862349,5344.77328080751,0.0,2390.185546875,2950.048828125,3316.11328125,13285.986328125,-270282517897.0,-1703477612.4999983,175.0000030139979,1675577589.9999962,1019004913630.0
U20/sound_20220827_185236.wav,0,-2,9.264835485247591,26.77733258439965,57.3179469885665,59.85441614467889,63.09316795657491,78.46813473154987,0.0,206.40422500899177,311.18150523323,932.3825948732936,2934.597383412992,0.0,1269.904496317602,1594.751741757257,1776.7651159538098,6364.982212692374,0.0,1981.0546875,2583.984375,2950.048828125,13759.716796875,-142943693498.99985,-937032154.999998,-2153.000004289782,854583266.000002,431304899975.99945
U20/sound_20220827_223521.wav,1,0,12.281631216717091,30.754316121646088,58.16959735597099,60.633193509320286,63.04921591904717,71.60723692548444,0.0,293.2449011240101,1229.604756190099,1938.38091924608,4720.491026601636,0.0,1309.6190810232215,1594.9652785105354,1800.4939184059922,4975.828001840242,0.0,1937.98828125,2497.8515625,3122.314453125,12360.05859375,-632050463990.0,-2866617468.9999995,1805.0000028155928,2772764626.999993,1181367093270.0
U20/sound_20220828_113902.wav,0,1,12.055770463288212,27.951118759869736,48.67548112734619,54.24951569155797,56.96720854715357,66.07094705057722,0.0,146.5459532981504,513.420575480417,831.4638954216388,3063.281044695224,0.0,886.3211388831403,1223.37587044027,1701.2652943171615,5106.100458136463,0.0,1055.126953125,1851.85546875,2993.115234375,12360.05859375,-232167498345.9999,-1457219147.9999995,-1398.0000013440003,1455633951.9999974,313356176064.99994
U20/sound_20220828_230034.wav,1,0,11.099216993165662,28.628259504614483,58.89206256873798,60.577673978654616,62.25083848076928,67.78063573513195,0.0,281.50667912854846,557.5117474134345,1338.7078136057935,4318.224661258103,0.0,1167.6274627049777,1574.2822074775308,1784.2210619375269,4975.828001840242,0.0,1851.85546875,2648.583984375,3030.79833984375,12360.05859375,-157333512944.99997,-1825244565.0,-1589.9999992141795,1698526858.0,433682672267.9999
U20/sound_20220829_122314.wav,1,0,13.256258702823263,35.420965578009834,55.23577339337494,57.73445614976946,60.3515474744997,69.56309171055497,0.0,206.47024343905164,624.4249655464267,1629.908696188273,7392.055056016011,0.0,1278.8791440761795,1676.8098652357608,1916.971525267602,4975.828001840242,0.0,1679.58984375,2734.716796875,3100.78125,12360.05859375,-528721043496.0,-1426217985.9999936,-1847.9999966881653,1369939848.000002,919408725561.9998
U20/sound_20220829_191258.wav,0,-2,8.820531432072434,26.28686885702406,56.95512871697952,61.00986949796033,65.15723553005725,76.54514849586752,0.0,209.1791002851235,575.6427229050965,918.048104282855,2501.808090790445,0.0,976.7717794600334,1258.5023925645587,1620.6370383458984,4975.828001840242,0.0,1464.2578125,1916.455078125,2971.58203125,12360.05859375,-153061908869.99988,-1788179114.0000029,-2139.00000107766,1730861723.9999945,288454360615.99976
U20/sound_20220829_230449.wav,0,-2,5.436182887980518,21.19990982175617,59.593614383293314,61.6023494566643,64.11252572722366,73.09346227479188,0.0,245.1966972457897,384.89001632785096,657.9642244792688,1340.8769624094198,0.0,1332.7915725234805,1600.9047906095418,1859.810770265148,4975.828001840242,0.0,2298.66943359375,2734.716796875,3208.447265625,12360.05859375,-76557769385.99994,-831628507.4999998,-2573.9999986213247,805785972.9999964,126689229829.99994
U20/sound_20220830_123715.wav,1,0,9.859775399389603,17.34802939093681,41.41290410817358,45.35663447805423,50.53888449019768,59.446362204496026,0.0,26.4521143855978,61.29066730292223,380.9968107795901,923.8337149672316,0.0,893.3962953534351,1488.3493766125534,1996.178502009844,6050.093361205625,0.0,968.994140625,2627.05078125,3423.779296875,12898.388671875,-15001542303.999992,-143859126.99999976,-571.0000003556609,130199102.0,33276399855.000004
U20/sound_20220830_164230.wav,0,-2,8.863225817176215,20.58612358307431,51.95809502285765,55.27805241665616,58.83196258833703,65.78326638709463,0.0,136.96895498216466,309.01150362891025,759.5192015219028,1664.2832472421217,0.0,1196.0091834126022,1513.4973326386028,1771.969974359852,4975.828001840242,0.0,1744.189453125,2304.052734375,2777.783203125,12360.05859375,-54067791942.99999,-535710712.0000005,-744.9999996098322,456115146.0000007,138925219121.0
U20/sound_20220830_230023.wav,1,0,3.2483035412272443,31.74008855141022,64.59375413296887,70.48695662930785,74.97220234218857,84.58962944833318,0.0,445.93197516418735,966.9503535807067,2236.2124304477325,6635.842912117259,0.0,787.599021004567,1251.208440447956,1791.3737433248657,4975.828001840242,0.0,1189.70947265625,2304.052734375,3079.248046875,12360.05859375,-538186342816.9996,-6069084622.999996,-2574.9999955983003,5991778070.99999,1222007388411.9993
U20/sound_20220831_120041.wav,1,0,9.56369590978244,25.4122051159414,53.74200228573693,56.454517235940685,59.52584947409641,64.9206908655805,0.0,211.2167529948377,430.4985541723395,1322.562209689866,2582.677097743916,0.0,1185.7176983016273,1515.3689113313376,1683.5879864844246,4975.828001840242,0.0,1787.255859375,2325.5859375,2691.650390625,12360.05859375,-124480876311.99998,-793522394.9999983,-1030.000001005276,638952651.9999977,285296867604.0
U20/sound_20220831_153053.wav,0,-2,8.467267173964787,29.27078192046149,56.74748402502942,59.37684297265845,62.24028197745575,71.68891408849161,0.0,314.42324663953167,704.5535754807127,1366.2683592516469,4256.348685644664,0.0,1339.5315781689096,1636.115024528357,1884.4661973524476,4975.828001840242,0.0,2088.720703125,2562.451171875,3057.71484375,12360.05859375,-353205992802.00006,-2789049508.9999967,-3067.0000077559976,2711790831.999996,862992524775.9998
U20/sound_20220831_224453.wav,0,1,2.98238820922961,31.797968744928315,71.57013429001101,74.41779496057946,76.66339886934493,82.43526628824064,0.0,1298.2794514541777,2114.1078396534112,2671.4898506079307,5469.0212597010905,0.0,715.3799318945701,880.4567790492836,1164.9749856017363,4975.828001840242,0.0,823.64501953125,1399.658203125,2131.787109375,12360.05859375,-946002063154.0,-14417699287.000004,-29262.999998872823,13715859116.999996,1994037383351.0
U20/sound_20220901_072949.wav,1,0,15.014506835156462,34.81648628170306,47.391859846896,50.28297263651924,54.0927732740316,62.39376545406088,0.0,71.09003424355625,118.26632790615533,618.2698085402067,6939.962022872045,0.0,1047.2729614673156,1333.9794411163648,1557.2573925641682,4975.828001840242,0.0,1141.259765625,2045.654296875,2562.451171875,12360.05859375,-411478633733.0001,-668427944.9999971,-465.0000051994756,659141039.9999943,643428930003.0002
U20/sound_20220901_161439.wav,0,-2,9.531804626936214,22.20886213433393,53.10469900730696,55.88015069546032,59.1012070918646,68.089084671961,0.0,149.07361960854857,241.3018038616268,665.7770446280795,1628.4141058096984,0.0,1182.8339308910656,1494.6279046786628,1706.05311452185,4975.828001840242,0.0,1916.455078125,2347.119140625,2734.716796875,12360.05859375,-92669667803.00002,-1005051513.5,-1448.000001191424,919857380.0,139485605200.99994
U20/sound_20220901_225233.wav,1,0,2.1881158069208064,29.93921964028592,72.04625961378594,74.15105306915333,75.81031434322306,80.96871235144849,0.0,1485.679519863617,2069.682887753429,2669.5311129097126,4430.995461659829,0.0,608.5894279114247,750.9304549301581,907.2871122421564,4975.828001840242,0.0,602.9296875,1012.060546875,1378.125,12360.05859375,-978470885050.9984,-12442579876.999964,489.9999966371718,12463973756.999966,1894876223760.9973
U20/sound_20220902_100717.wav,1,0,10.976191481899424,23.281809609724892,43.70209835332842,47.86394307769493,55.190251249297766,64.05927060379639,0.0,48.59893963445859,117.26831588351668,699.8227642533411,1776.2388755369448,0.0,1151.198087275017,1741.2540469599935,2456.190584096271,5487.090430251799,0.0,1981.0546875,3014.6484375,4220.5078125,12381.591796875,-101073654299.99985,-557960062.9999999,-74.00000137432068,532735006.99999785,135054017879.9998
U20/sound_20220902_182845.wav,0,1,13.90250861762514,27.401319742372152,50.85554203741321,56.38587531226831,59.00889937347347,66.27172521211872,0.0,105.63800294792196,794.4125934628327,1355.740391282009,2803.862355639984,0.0,844.0817246825252,1229.3889509930468,1696.939211612248,4975.828001840242,0.0,1012.060546875,2024.12109375,3186.9140625,12360.05859375,-487000379933.0,-2489295994.0000043,121.00000452220688,2456958697.999998,610303383733.9998
U20/sound_20220902_224401.wav,0,-2,2.1150540116679206,30.25869296391979,69.58115992608523,72.8464218831333,75.98114996019277,81.45097301072458,0.0,790.7872448532582,1384.4723330383392,2552.0429098320737,5129.313913587381,0.0,755.6139391883904,1154.7147688732612,1515.485879052564,4975.828001840242,0.0,995.91064453125,2099.4873046875,2777.783203125,12360.05859375,-802985949306.9991,-7743204165.999972,237.0000000957965,7564370559.999999,1692523765033.9983
U20/sound_20220903_090603.wav,1,0,10.823950322951502,24.917515007042365,48.91819354853448,52.04263439520723,57.98753792344999,66.65872213749275,0.0,135.1764667489653,269.086861029102,1009.731104218652,2399.827254728778,0.0,1111.1088462489888,1588.2294072507607,1852.35773207364,5541.393926389221,0.0,1771.10595703125,2519.384765625,2950.048828125,12446.19140625,-127935359728.99998,-1187619595.499998,-72.99999979076603,1177827863.499999,188523758373.0
U20/sound_20220903_174541.wav,1,0,7.707151143698569,34.94588647184712,55.6328109463929,59.84832739328122,64.86402244463065,74.7603040695871,0.0,540.4729879860247,1143.380389265807,1619.6044237136884,7276.805462311613,0.0,886.9522207774728,1059.21311397637,1374.5455331850924,4975.828001840242,0.0,1012.060546875,1442.724609375,1981.0546875,12360.05859375,-504365626152.9998,-2728322755.9999967,1097.000000313037,2737741950.000003,1455030740309.9995
U20/sound_20220903_205255.wav,0,-2,9.530515515959932,22.395827613775374,51.3063766102278,54.75255010143579,58.27080338425336,65.21930074123458,0.0,70.57391558517102,275.8878299718248,571.488018225737,1513.6291049602648,0.0,956.857329093895,1243.566114845024,1577.0250940165,4975.828001840242,0.0,1259.6923828125,2002.587890625,3036.181640625,12360.05859375,-72986822750.00002,-478642893.99999887,128.9999990188374,471484875.5000002,99741725575.99998
U20/sound_20220904_123220.wav,0,-2,13.05613453190866,17.96853062877811,42.94428462807177,49.22298516814143,53.411496263439744,61.86524805445925,0.0,44.929623478082846,203.54970185225545,538.1599994567727,1034.7741922304838,0.0,875.4583328842677,1216.8034640407443,2120.867054212972,4975.828001840242,0.0,1141.259765625,1830.322265625,3526.06201171875,12360.05859375,-46648670152.99999,-356257043.4999988,-218.9999999501706,354966618.5000005,61744302512.99998
U20/sound_20220904_194439.wav,1,0,9.692312296887566,27.69276518256027,53.34863038359202,56.82599563786513,59.40041551656065,66.22079750431368,0.0,265.4137994051666,707.3682984526095,1249.6108573003803,3687.344533070704,0.0,1131.0758742824476,1436.749694244866,1795.1707179188636,4975.828001840242,0.0,1566.54052734375,2260.986328125,2971.58203125,12360.05859375,-121791834135.00005,-1193519441.500002,-1904.0000004982523,1084300015.500001,426352332799.9999
U20/sound_20220905_074828.wav,1,0,8.25895267222344,25.026376379495755,57.57794453869566,61.33578501461339,63.9625526723561,73.19510804948555,0.0,263.2104391788705,580.6611596483949,1250.9194135078014,2639.86362044904,0.0,1380.6031343474162,1677.677118001228,1870.2179995462784,4975.828001840242,0.0,2131.787109375,2670.1171875,3122.314453125,12360.05859375,-115072337435.99995,-1581500674.9999983,-2948.9999985387585,1473694778.0000029,392354289074.0
U20/sound_20220905_121423.wav,1,0,13.14378883028864,22.697748248026624,47.31078054044016,51.64425732704794,55.5467023614076,62.02743142044949,0.0,62.23901125844904,311.0511525164519,768.499826152158,2520.8211879119435,0.0,1156.761571428733,1725.57695354285,2098.091365373832,4975.828001840242,0.0,1937.98828125,3057.71484375,3509.912109375,12360.05859375,-58364331760.99996,-634538643.0000011,-2271.0000011944176,474396579.0000003,162199335918.99994
U20/sound_20220905_155101.wav,0,-2,11.3194686948432,20.40005957891788,46.632257221065686,51.96633292754504,54.88274526309129,63.79740449445016,0.0,56.97652917677951,281.2395836730535,499.00387462426136,1118.5512855992008,0.0,1024.6062415641468,1421.7444705359326,1845.096151761136,4975.828001840242,0.0,1636.5234375,2476.318359375,3143.84765625,12360.05859375,-40397275466.99999,-464361614.4999997,-127.99999938074195,450443295.49999976,57188547560.000046
U20/sound_20220905_203957.wav,0,1,10.272289539270965,23.799137543419928,48.742294270011634,51.95992291550046,54.89171899406335,62.607117662230266,0.0,96.36498126452892,295.7357814726012,599.616850013926,1760.1885200104457,0.0,986.3485470483744,1335.8078060375958,1754.173832614056,4975.828001840242,0.0,1313.525390625,2024.12109375,3122.314453125,12360.05859375,-78847832606.99997,-598698359.9999996,-1030.0000009666237,572431849.9999982,137743919438.99997
U20/sound_20220906_124521.wav,0,-2,8.475268243531177,30.20020402801857,55.96290098117677,58.77860360717258,62.94875333269562,79.1378761928657,0.0,198.1731498897164,760.2751541962843,1375.095932886958,4955.4539628109815,0.0,992.023754729354,1392.042488027423,1826.7208673058735,4975.828001840242,0.0,1313.525390625,2476.318359375,3267.66357421875,12360.05859375,-313997697078.0,-1524342714.4999986,-1117.0000088263132,1433411344.9999995,652055625407.9999
U20/sound_20220906_205046.wav,1,0,2.9908037553472364,-3.589046299291155,37.76269722743247,39.54726700443611,41.155583318649775,46.43773556454616,0.0,19.73254551399745,23.5523192143501,29.704715649239013,50.34491385991737,0.0,1489.7475342834846,1626.244188117745,1724.475628516037,4975.828001840242,0.0,2341.73583984375,2648.583984375,2906.982421875,12360.05859375,-39318703.00000001,-508611.0000000013,24.000000000201503,527301.9999999991,84577038.0
U20/sound_20220907_110858.wav,1,0,8.427981179940373,29.89524810658331,59.0766576292922,62.75882948254333,66.5105903335953,74.20839171095848,0.0,316.746663487412,756.8222212063536,1294.576453342827,4047.033803894314,0.0,822.8460979932493,1035.925738706046,1389.2822032795357,5192.807394547577,0.0,1055.126953125,1614.990234375,2325.5859375,13156.787109375,-178984722335.99988,-1459331485.999993,-2777.999993269628,1298985485.9999938,531267698457.99976
U20/sound_20220907_192649.wav,0,-2,11.524982836383195,24.52316074140652,51.329726492716006,54.49598262717436,57.2941417332585,65.3493455423147,0.0,114.53953519615968,496.9834733206993,886.3801176973665,2455.220181799034,0.0,973.4693254874904,1327.0990735414096,1701.6437349574162,4975.828001840242,0.0,1205.859375,2174.853515625,3143.84765625,12360.05859375,-154410112462.99997,-859708784.4999986,-2736.0000003217106,744455259.9999988,392785090037.0
U20/sound_20220907_230339.wav,1,0,6.791418092792696,20.12046227417248,57.51606196829356,59.84547571006343,61.600298834885685,70.2247171941562,0.0,244.14331717546887,352.01629254175685,769.5049197297401,1380.7202298175196,0.0,1445.3723358774323,1733.9129464526811,1933.637690630518,4975.828001840242,0.0,2282.51953125,2777.783203125,3165.380859375,12360.05859375,-60274900525.000015,-787574070.999998,-3675.000000071801,700685226.9999992,184062985570.0
U20/sound_20220908_105718.wav,1,0,10.102018557928917,28.121968194078026,52.04222676208043,55.57527695458884,59.5144412789026,73.28493024242405,0.0,267.4308964122679,607.4271320110133,1584.767988530207,4306.1614852795165,0.0,1014.9514133729105,1319.8390530812037,1613.6382130679335,5412.017232408545,0.0,1356.591796875,2067.1875,2670.1171875,12790.72265625,-383875550087.00006,-2629060755.9999924,-3442.00000910738,2539902121.499998,804627681725.0
U20/sound_20220908_162147.wav,0,-2,12.825855407390192,22.54643438996673,49.854531188241886,53.8422365645462,57.07505644331043,64.6087034929478,0.0,77.02624223073263,251.493185326412,735.8695616199585,1678.5041689305351,0.0,850.803378537008,1213.6069353084108,1639.2977341250892,4975.828001840242,0.0,947.4609375,2110.25390625,3273.046875,12360.05859375,-109684938418.99985,-472918372.4999988,77.00000078012383,467232778.49999833,125496282070.99982
U20/sound_20220908_194904.wav,1,0,11.05834433267749,22.426916248785083,48.53334254240055,50.64704000832093,52.95859341525869,61.37193475669004,0.0,51.0042558641035,74.7694154213103,342.61302519108267,1443.2786013427033,0.0,932.7579165545392,1428.884245678234,1722.8457221341896,5313.724030929923,0.0,1141.259765625,2433.251953125,3106.16455078125,13049.12109375,-36209058011.0,-194878759.9999995,-484.000000607373,187807616.99999997,47023484292.99998
U20/sound_20220909_134216.wav,0,-2,9.552162946557408,29.719332453257437,57.8185048696696,61.64897184169567,66.07419341365049,78.45472402479876,0.0,361.0402965087485,1050.8600012311344,1804.4266517384144,4850.61764772829,0.0,1057.9326112608314,1369.4755140151174,1690.090319125616,4975.828001840242,0.0,1485.791015625,2174.853515625,2799.31640625,12360.05859375,-520087102273.0,-4033627294.000002,-3660.0000010482577,3794513165.9999967,1322805976692.9993
U20/sound_20220909_175331.wav,0,-2,10.80172687328606,26.04463704003908,50.034424605255545,54.49267175817926,57.06317275891453,65.67241337760836,0.0,82.84586411070623,360.8809892179224,729.6933917161917,2279.452580317908,0.0,1059.924521144128,1487.159718873922,2075.765091986874,4975.828001840242,0.0,1539.6240234375,2497.8515625,3466.845703125,12360.05859375,-118875730185.99998,-901459023.000001,-75.99999996573386,883688718.9999977,175940037839.00003
U20/sound_20220909_201730.wav,1,0,10.952686031523324,20.593175473903827,47.058891483443546,50.28213306638926,53.852520049931904,60.48116281540584,0.0,61.542521345763454,91.2090581310664,419.111354115392,1200.601021363883,0.0,1018.2302666384284,1436.3883685797316,1656.9097177474457,4975.828001840242,0.0,1421.19140625,2347.119140625,2842.3828125,12360.05859375,-54401095179.0,-498693371.9999998,-140.00000065332603,495575388.4999993,72771857979.99998
U20/sound_20220910_153938.wav,0,-2,9.789516596329133,17.87448892319239,45.65191358384204,48.33556166975323,53.508953398493006,59.89901057845144,0.0,52.9870681820692,84.53020447597414,359.00477057132366,845.4825585640058,0.0,1341.8497943078016,1964.4734121798683,2315.9498287323927,4975.828001840242,0.0,2217.919921875,2928.515625,3423.779296875,12360.05859375,-33246983558.0,-157558787.49999994,-41.999999815816025,151179637.99999905,44396381232.99999
U20/sound_20220910_202637.wav,0,-2,11.307222463879102,21.17061460060657,43.820655743777294,47.081759677458855,51.51932689302832,60.31009445452288,0.0,31.107347795964102,50.229909278785925,313.1894989766649,1192.207521538957,0.0,959.0352704526196,1586.8376113410563,1884.010542634224,4975.828001840242,0.0,1291.9921875,2713.18359375,3251.513671875,12360.05859375,-28204139884.999992,-167900696.9999998,29.999998269573688,164280736.00000036,37833501337.99999
U20/sound_20220911_101424.wav,1,0,7.597270438457178,26.3154413219878,57.05676485013336,61.28393160844985,67.88662951162934,77.50287281158708,0.0,228.25062114947636,804.4416866137972,1528.285903723315,2781.377897603514,0.0,1382.059247842819,1864.9148103799332,2213.880311317356,4975.828001840242,0.0,2212.53662109375,3100.78125,3617.578125,12360.05859375,-201933978049.00003,-961325367.9999998,-306.9999973584686,919996237.9999973,557980966741.0
U20/sound_20220911_160811.wav,0,-2,9.241177446135962,26.268422793802568,53.99601168636009,58.88655882018608,61.99605269884813,69.61483708714913,0.0,227.95001680988048,617.7845980358466,1177.4485964406836,2981.765363359248,0.0,1436.4952537261374,1816.2581713090892,2370.0409423508545,4975.828001840242,0.0,2390.185546875,3208.447265625,3875.9765625,12360.05859375,-391808234051.9997,-2616455968.9999943,-1992.9999986455152,2596369021.500002,646954721624.9995
U20/sound_20220911_223418.wav,0,-2,10.071616237339796,19.67781404401624,46.31265310134721,50.81855761108872,55.7207683442932,63.443276646990654,0.0,64.16298545046904,193.14689763184293,504.5090210021576,1170.6251962509846,0.0,1219.61361722958,1638.643639787661,2060.68654163758,4975.828001840242,0.0,1975.67138671875,2993.115234375,3423.779296875,12360.05859375,-61785129443.00001,-593814712.9999993,-163.00000055824552,588039810.4999993,79445132560.00002
U20/sound_20220912_112555.wav,0,-2,9.451720387795708,28.51657662730082,54.2155303298871,58.08295412378689,61.76084822955204,72.11640738476834,0.0,198.9617852558312,493.7943868498051,1018.5128905913666,3564.4792833629203,0.0,1166.462760503435,1473.9237877053229,1861.770809564008,4975.828001840242,0.0,1787.255859375,2476.318359375,3229.98046875,12360.05859375,-281260102409.99994,-1451723334.0000014,-495.9999955711117,1428390492.5000036,468423608832.0
U20/sound_20220912_210204.wav,1,0,11.207839228222232,28.83297533888168,56.470269071278224,58.75213361059468,60.83250565566628,69.10153763527593,0.0,611.0731528135237,984.8225302132486,1438.5144163966156,3058.543788065756,0.0,615.4847413383682,767.793675832598,1019.226839125312,4975.828001840242,0.0,581.396484375,882.861328125,1571.923828125,12360.05859375,-552958819956.0,-4905443891.5,-40.9999958835104,4897419869.499998,620163058181.9999
U20/sound_20220913_112931.wav,0,-2,12.173041426771766,26.21767253440536,43.58095850616766,48.719251833253495,57.38099855521052,66.2202268874673,0.0,79.53993324244627,147.73412811354123,1014.6173291870304,2498.113334876286,0.0,1202.669929499818,1918.8668831679745,2191.337460518823,4975.828001840242,0.0,1830.322265625,3208.447265625,3639.111328125,12360.05859375,-209887594279.0,-1337438505.999999,-604.999998689356,1276518631.0000055,381219070499.9998
U20/sound_20220913_165223.wav,1,0,15.21361038841241,34.34850788270233,43.89833038064855,47.48664201011007,52.36699756066101,62.74971905758805,0.0,47.8329766201493,122.12580563641636,667.2346971743011,6446.963863488681,0.0,1023.8161235924962,1466.7879536693104,1946.3831936745676,4975.828001840242,0.0,1076.66015625,2433.251953125,3294.580078125,12360.05859375,-282119371591.0,-506695864.0000065,1201.000003196723,497840512.9999958,409373950600.0
U20/sound_20220914_112742.wav,0,-2,11.848976000895956,26.0342150761226,44.83215379970805,50.52424398700588,55.05611111036319,65.78617242368178,0.0,43.77548922663515,145.37811858488627,645.1185717987721,2469.947403147769,0.0,1046.739087702118,1718.828672089057,2282.299421370765,4975.828001840242,0.0,1593.45703125,3079.248046875,3854.443359375,12360.05859375,-133580024678.99992,-1073507159.0,-147.9999973962104,1043815233.0000002,179948972932.99994
U20/sound_20220914_161026.wav,1,0,12.84055825613713,26.790830196297865,38.91367982681356,42.54736110638453,53.36890231121561,64.69594859422958,0.0,17.445521209613837,80.21189893319288,914.2657918617732,2740.020711244146,0.0,940.216302484958,2012.7477080447147,2293.351036511611,4975.828001840242,0.0,1205.859375,2670.1171875,3531.4453125,12360.05859375,-115502278087.99995,-302935030.5000009,-43.999999999275374,246489613.00000024,196378142036.0
U20/sound_20220914_182901.wav,1,0,12.207548280078209,23.790445299553586,48.407756664968566,51.550744886896965,56.97992261612584,64.28573054429184,0.0,103.09096245664897,173.25946378422276,842.1694740176897,1792.1146432444689,0.0,1075.6572052823335,1449.1960788590886,1626.650637796272,4975.828001840242,0.0,1781.87255859375,2260.986328125,2583.984375,12360.05859375,-227410168306.9997,-1705395149.9999983,-125.99999655087323,1699759566.9999988,261982943151.9997
U20/sound_20220915_083807.wav,1,0,11.852753911774371,25.00538165784186,48.28739934589344,54.55002980335136,57.702507285653,65.6347160056487,0.0,87.85493276831377,583.637180863864,1163.7330741926237,2374.539161293329,0.0,1033.7171520524007,1482.0771218318932,1931.9355260321825,6050.093361205625,0.0,1335.05859375,2433.251953125,3316.11328125,12898.388671875,-190398197641.9999,-1045936954.9999973,-209.000004384741,1004064083.9999976,321838645831.00006
U20/sound_20220915_122859.wav,0,1,9.3513593575184,27.28531627194153,60.35494867409555,63.62106851888385,67.79022501167138,78.33889407863997,0.0,307.19375878937046,729.7679345389532,1351.1342141525506,3910.408670486353,0.0,1182.590033516316,1515.1003576333355,1816.3998952700088,4975.828001840242,0.0,1830.322265625,2454.78515625,3143.84765625,12360.05859375,-349896823292.99994,-3029437152.999995,-4795.000007266601,2932227543.000001,979501372236.9998
U20/sound_20220915_181018.wav,1,0,13.069084577328448,20.07525713229868,41.191265863507255,43.45803785846488,47.42887257574573,57.66437790579999,0.0,36.19599566448736,48.96122110277684,137.25217579591958,1084.0219393266016,0.0,1409.7573419641349,1881.1719771255416,2194.423525370681,5313.722555935878,0.0,2497.8515625,3143.84765625,3552.978515625,13049.12109375,-22734128668.0,-86074102.50000012,-11.999999737119278,85483380.0,27961731847.999992
U20/sound_20220916_163516.wav,0,-2,12.249607097569193,26.92617153780181,47.96265314970775,53.3983522754323,57.119732200054735,66.96355957529309,0.0,115.83622448616336,424.0769438329669,933.950940864978,2504.337419682319,0.0,1034.1385487349633,1400.330425483926,1779.5922277316072,4975.828001840242,0.0,1550.390625,2411.71875,3100.78125,12360.05859375,-264777363091.99976,-2026088788.9999976,-468.00000562159954,1996741840.499999,373204962638.9997
U20/sound_20220916_220925.wav,0,1,7.928142707074394,23.634125496246984,53.54902755455433,56.21247874676856,58.76840388269989,65.03422170591017,0.0,115.22396915665335,252.934381646068,525.8797847815584,1594.4691032413912,0.0,1333.9170239899042,1711.4056694518863,2161.226510063475,5715.44407606877,0.0,1981.0546875,2885.44921875,3423.779296875,13436.71875,-45040285568.00001,-228790771.0000002,-691.0000014083597,217258562.9999998,83364893462.0
U20/sound_20220917_102849.wav,1,0,12.499249123101256,21.92806221725167,42.020496348945066,48.93527629035036,54.154787875441976,62.8961385182999,0.0,45.67295369361922,348.80674381561204,816.0741391225803,1589.937552975991,0.0,796.52420253842,1258.018327519249,1751.6737862722086,4975.828001840242,0.0,882.861328125,1937.98828125,2971.58203125,12360.05859375,-88990454062.99994,-821119488.4999993,-499.9999976484279,782417584.4999996,136111158155.99994
U20/sound_20220917_181611.wav,0,-2,9.325219371952478,21.534081673706552,53.7059077528408,56.8471007321803,59.71429343203973,65.79122015418463,0.0,115.83379796069885,280.2534906882852,776.7831040404112,1905.5579047152191,0.0,828.4227163871857,1051.264369559725,1400.3106462622204,6050.093361205625,0.0,968.994140625,1550.390625,2411.71875,12898.388671875,-98887479799.99995,-900402651.0000002,-242.99999938436352,871417010.0,162540383762.9999
U20/sound_20220917_220849.wav,0,-2,12.74052947716031,21.296221670896635,43.692513544230266,51.7943857240322,56.05439036944226,63.825754390373376,0.0,93.40184127547744,448.8426833607417,883.2633379697571,1451.8512919125446,0.0,838.9314336582862,1217.6904829580562,1658.7247117376846,5054.571743992232,0.0,947.4609375,1851.85546875,3165.380859375,12360.05859375,-177415547144.99994,-1183410276.0000026,-51.999995237484185,1162846387.0000007,221191529039.99997
U20/sound_20220918_101051.wav,1,2,9.625110967219316,26.76094364015598,52.06768708955568,57.40551551672722,61.24721607424479,77.83252270820361,0.0,121.90916588412252,426.5405826557935,999.3540228020424,2320.881169582,0.0,998.6847679780892,1463.868400582111,1901.4494285564776,4975.828001840242,0.0,1335.05859375,2454.78515625,3251.513671875,12360.05859375,-179221969787.99997,-991480957.0000008,-549.0000005405585,930202663.0,322611903308.99994
U20/sound_20220918_222517.wav,1,0,10.711375777113645,25.104698368162847,50.84961453605487,54.95943485192587,58.20727619957749,71.1032548196829,0.0,134.0344831681584,626.8399037664352,1167.7307183613632,2603.299784704591,0.0,910.869063638216,1124.7417598030777,1364.6981251678562,5336.478053044772,0.0,1098.193359375,1550.390625,2024.12109375,13092.1875,-81367505551.99992,-659920286.9999987,-437.0000011466777,570745235.9999986,269341987579.9997
U20/sound_20220919_125911.wav,1,0,7.836836540118802,24.84346775531277,59.80982310602119,62.99685927098145,66.4326898728584,76.32328730306673,0.0,291.2819279895358,524.9672207491901,1232.4495064349478,3031.328909572139,0.0,1330.4455255112048,1672.086361863864,1892.4961970991335,4975.828001840242,0.0,2196.38671875,2756.25,3143.84765625,12360.05859375,-135273990593.99992,-1286596904.9999974,-6809.000002442257,1120977014.9999957,380523302274.9998
U20/sound_20220919_223525.wav,1,2,10.345394163311628,26.195838363452463,53.91660461827616,58.46948312784348,60.9292179435364,70.00668833265205,0.0,220.19575807676225,685.6371067755158,1250.6135421998251,2363.9861702813005,0.0,1086.704071844014,1432.421299814907,1753.8974140714529,4975.828001840242,0.0,1550.390625,2174.853515625,2863.916015625,12360.05859375,-234856223249.99997,-1592940183.9999998,-1024.000001273986,1512335963.9999986,496892937513.0
U20/sound_20220920_112832.wav,1,0,14.262608190206205,23.840697708034124,40.33817268301587,43.915059363273,52.71509803429134,64.1902273329467,0.0,25.7695684699576,56.036759846025234,699.6278784703978,1752.3499620933137,0.0,1162.7854221479886,1849.2121193847508,2395.8135366524675,4975.828001840242,0.0,1830.322265625,3100.78125,4112.841796875,12360.05859375,-106912039602.99992,-821040387.4999974,-71.00000075279914,790330503.4999983,149760803738.9999
U20/sound_20220920_215645.wav,0,1,7.317106413708768,28.321516936161327,57.79428137241696,61.23059612577264,63.83606076725372,71.70030848598526,0.0,574.6064460514905,868.5282253712032,1181.1865887474933,3501.552248562637,0.0,1040.7854008186878,1294.3819895938504,1600.8992021040274,4975.828001840242,0.0,1641.90673828125,2174.853515625,2885.44921875,12360.05859375,-247570697973.0,-2817047207.0000124,-0.9999957954210348,2829630825.000001,490505651802.0
U20/sound_20220921_115743.wav,0,-2,12.253665015708917,23.4948866398409,46.76989595576459,52.956402878509934,57.03519376416058,66.22729339460298,0.0,66.61445026764036,266.3577885130678,876.4376282667002,2082.9581045551618,0.0,963.3476078132912,1391.8072795341104,1896.3907635750816,5313.722555935878,0.0,1291.9921875,2239.453125,3213.83056640625,13049.12109375,-118324742230.99994,-1149032514.9999964,-317.9999969284915,1142103133.5,180273095291.0001
U20/sound_20220921_161232.wav,1,0,13.009809398136234,20.99277347662652,42.05340694806201,47.26019075500071,52.38134677864567,62.00002209999574,0.0,29.53969688163476,178.2373383819259,641.1185910974567,1340.4607389535067,0.0,1010.1228403204012,1651.3062889811067,2541.543071070587,5122.822520829197,0.0,1270.458984375,3229.98046875,4419.68994140625,12489.2578125,-71174439870.0,-802759599.0000012,-135.00000025107175,749167066.0000017,102158810608.0
U20/sound_20220921_193826.wav,1,0,17.400308036639952,33.92232104973553,49.80189849272873,52.50640286142979,55.32634813861718,62.92943613917341,0.0,74.71005097702434,412.6092305314596,1645.5280886562384,6042.835299916263,0.0,1164.199972093058,1451.6990584225618,1622.6990886698347,4975.828001840242,0.0,1076.66015625,1851.85546875,2955.43212890625,12360.05859375,-850299668300.9999,-1015637167.999995,-406.99999844074046,903876305.9999824,1153035226640.9995
U20/sound_20220922_074400.wav,1,0,10.955462661449372,24.117401531455865,47.89213213578472,51.95829715979568,55.27795852158849,64.84542798399053,0.0,82.4620643173312,381.5580050243515,734.3869531291591,1705.2524815636264,0.0,807.3170301147132,1157.2672380251845,1742.8947596671055,5155.343826535336,0.0,882.861328125,1722.65625,3192.29736328125,12360.05859375,-99825191586.99994,-856099303.9999987,-986.9999984839484,832284212.9999974,145536530956.99994
U20/sound_20220922_133844.wav,1,0,13.800197550722594,19.798107557787457,43.345303056725406,46.40725948135905,51.1379835344322,57.62405002987104,0.0,37.53549101766887,71.65168092170796,555.5394544487535,1085.1047746970394,0.0,842.3783785216274,1449.397375898539,1815.7866230833356,4975.828001840242,0.0,947.4609375,2325.5859375,2842.3828125,12360.05859375,-49384873009.99999,-562070329.9999986,-161.99999998234492,547442442.9999999,62419014425.00001
U20/sound_20220922_192541.wav,0,1,11.308804045644738,21.582518249519577,50.78168337439118,53.59799993307166,56.44134569325527,63.15286563426136,0.0,64.23329753523836,188.47371562392067,642.9446331219023,1244.886926772556,0.0,875.4348683521745,1247.39035372156,1698.8330360389418,4975.828001840242,0.0,1071.27685546875,2045.654296875,3079.248046875,12360.05859375,-74460259610.99997,-588603910.0000002,-215.99999895186912,566150340.0000002,106558796361.00005
U20/sound_20220923_084008.wav,0,-2,12.10787002558433,25.536779252677853,49.943087133038006,55.137221748138096,58.23871889856634,74.46689556192864,0.0,99.11536982580805,493.7069507538417,965.192597297866,2275.7511870439685,0.0,962.9939171039624,1491.9142605679544,1828.215601396865,4975.828001840242,0.0,1378.125,2454.78515625,3014.6484375,12360.05859375,-220131696462.00003,-1643760249.4999986,-338.000000178315,1602431011.0000029,319070095489.00006
U20/sound_20220923_134055.wav,1,0,9.26286433739272,27.2916799434405,58.77134425736708,61.55229946857644,64.25356021873449,72.844407006588,0.0,296.3434141050145,515.4050509001488,1441.0355839541016,2802.176442419914,0.0,1303.8869421532142,1674.55039961558,1888.3241105131503,5336.478053044772,0.0,2131.787109375,2788.5498046875,3208.447265625,13092.1875,-300476838399.9996,-2786750019.9999986,-2388.9999968464986,2587840539.000004,464331904725.9993
U20/sound_20220923_221058.wav,0,1,15.538052908350547,35.672001118187026,49.90581568528149,54.81823067124604,57.84307132262892,65.99946704030666,0.0,130.92903158660198,497.2096497935456,772.4385097607158,8121.973206889906,0.0,941.1917450050122,1243.367526202215,1515.524700433918,6365.137319902367,0.0,1055.126953125,1765.72265625,2497.8515625,13759.716796875,-929689939430.9998,-1140647736.0000117,-1104.0000036386973,1106713226.0000172,1364775222183.0005
U20/sound_20220924_132650.wav,0,1,13.60822974531286,33.902183237680966,51.24786482330416,55.766101972720136,59.22786144604965,67.7800489374759,0.0,107.8409512203422,546.7803343278802,1026.643544863117,6068.245407744588,0.0,1026.80060553965,1432.4021171841698,1703.1995463447224,4975.828001840242,0.0,1356.591796875,2347.119140625,2885.44921875,12360.05859375,-387005378852.00006,-2050715195.5000072,-302.9999942370687,1998993502.500007,737537596515.0001
U20/sound_20220924_205518.wav,0,1,11.000106425337096,27.06381809163125,50.449513159462825,54.15239862637272,57.72151240745063,67.12082823673926,0.0,72.7460298798584,340.03870988278675,763.4000019572185,2624.179938403823,0.0,924.0179214753792,1367.911665467148,1734.59457861616,6060.364431040393,0.0,1248.92578125,2368.65234375,3036.181640625,12919.921875,-203682184531.0,-1001126615.0000004,-245.00000197184949,968784226.9999998,279732448128.99994
U20/sound_20220924_232321.wav,0,-2,7.489760291326482,30.658013120702886,59.03570603572811,61.100399751171366,63.10356587308788,78.86068865612067,0.0,338.7409122797295,734.0478034227306,1116.5172351598826,4286.071023086459,0.0,1209.1849043938892,1450.7958499310296,1691.7922068720366,4975.828001840242,0.0,1851.85546875,2336.3525390625,2756.25,12360.05859375,-212168725808.99997,-1915533311.5,-1651.9999997907607,1774274682.4999976,453554665480.9999
U20/sound_20220925_123606.wav,0,-2,11.70603678178624,23.71700610543356,50.824648329396304,54.964719595979936,57.52324963198902,63.37177700347368,0.0,165.4326904911399,610.3832845843779,939.5122692195706,1931.7840885172536,0.0,840.2940129990933,1131.5590109232844,1554.9981557346246,4975.828001840242,0.0,947.4609375,1658.056640625,2627.05078125,12360.05859375,-223752675850.0,-1569359954.9999993,-292.0000008576016,1529607661.999997,341704120863.9999
U20/sound_20220925_151321.wav,1,0,10.644105011456938,21.900648778971934,53.73516538377305,57.00474271017508,59.78035048360824,65.42393326546122,0.0,132.1741719049149,269.14011021358607,843.7965985396191,1765.6168256171393,0.0,1326.0195331090986,1714.7297395016888,2002.0508304873515,4975.828001840242,0.0,2131.787109375,2756.25,3122.314453125,12360.05859375,-109740909339.0,-966908113.9999974,-1547.9999999114611,855414156.9999985,195649177392.9999
U20/sound_20220925_194958.wav,0,1,8.629617828421612,24.43673058024695,50.71885353612576,55.854216954583016,59.41680991278173,69.49905986729028,0.0,131.1464092171111,479.7354292016069,845.7703611587458,1904.9176679786829,0.0,1012.2254176640332,1278.720313084572,1559.5466669834427,4975.828001840242,0.0,1658.056640625,2045.654296875,2616.2841796875,12360.05859375,-84769993343.99995,-1205375243.9999988,-3919.999997145688,1175262894.0000002,188251620021.99988
U20/sound_20220925_215623.wav,1,0,9.15458331573463,23.6589849325877,54.963710810088855,57.294354204520616,59.662446234781015,66.60571417252828,0.0,201.5512207447555,272.3760620054315,840.6797558214874,2038.5211830563676,0.0,1329.116420620186,1697.0655336016614,1882.085415146335,5590.471710309693,0.0,2110.25390625,2777.783203125,3143.84765625,12510.791015625,-83661508639.0,-774359367.9999998,61.00000145287147,713048940.9999987,156412209558.00003
U20/sound_20220926_092747.wav,0,-2,8.844866963251588,19.90857411398813,53.63714652797567,57.90809873914571,61.54886235019468,70.54216728616228,0.0,134.75841678843685,393.623274498044,748.0196270112941,1229.9169885923704,0.0,864.4947917333268,1138.536923688886,1533.746365695802,4975.828001840242,0.0,1098.193359375,1808.7890625,2583.984375,12360.05859375,-102791673407.9998,-1188912654.4999976,-607.9999988199779,1169840178.4999995,159666117853.9997
U20/sound_20220926_201726.wav,0,-2,8.172225957684276,26.21978243741304,54.72187994864399,57.67755530096986,59.64330307269044,66.03969577023624,0.0,287.19141058371304,670.0665558039652,927.4668769959816,2351.3276970607144,0.0,728.6539465193989,916.3779866761296,1174.268579652835,4975.828001840242,0.0,839.794921875,1291.9921875,1894.921875,12360.05859375,-199409214965.00003,-1695598144.000002,-564.9999992230812,1678530394.999998,261629105709.0
U20/sound_20220926_230501.wav,0,-2,5.621186773975103,22.32102023872764,62.3077785670515,64.48397842623368,66.82325502136206,74.32472753565602,0.0,428.8558828125216,616.0949410907563,952.1830069686486,1733.4313708315112,0.0,1231.2157338273837,1395.038884535963,1552.710854230265,4975.828001840242,0.0,1830.322265625,2110.25390625,2390.185546875,12360.05859375,-141155416457.9999,-963082890.0000014,1617.000000211557,954424209.0000027,249086771460.99985
U20/sound_20220927_124634.wav,0,1,6.370209504038327,22.20884007584528,56.211263475691325,60.42467542807261,64.01006396425187,72.80157223882226,0.0,208.59877330049304,502.9412890898857,820.3858453881614,1555.706044493946,0.0,1277.3927604447997,1631.897575616469,1894.502850931875,4975.828001840242,0.0,2110.25390625,2756.25,3143.84765625,12360.05859375,-157838639767.99994,-1299606929.5,-496.00000391003374,1286672462.500002,280659404926.99994
U20/sound_20220927_221531.wav,1,0,12.07981203604588,24.93425091456153,47.80472171890541,51.86384908097524,55.53644040511808,66.18381828437003,0.0,75.46690072718815,275.45436171997574,1014.0267719755662,2033.8686885551767,0.0,986.860727243874,1328.970091906064,1684.6325622399145,4975.828001840242,0.0,1227.392578125,1981.0546875,2713.18359375,12360.05859375,-104572117310.99994,-847526099.000002,-267.000002313691,805061250.0000011,232048705064.99985
U20/sound_20220928_122159.wav,1,0,12.705111405393698,22.569025306933074,43.97441747795817,47.60644967211788,53.41151577460109,67.53621453634877,0.0,39.68033797581754,58.96788240713976,623.4749002474655,1473.5991555343014,0.0,1326.381161065438,1748.2954925679965,1945.8771451291016,4975.828001840242,0.0,2239.453125,2863.916015625,3186.9140625,12360.05859375,-54495710722.99999,-257694440.49999964,-186.9999997730183,192160745.49999863,90912041255.0
U20/sound_20220928_160839.wav,0,-2,12.599904418169576,27.55072546482099,50.90849521425356,55.087091254551865,58.57214022140709,66.54902130529564,0.0,177.5082218451251,542.5621585450094,1547.931497430441,2856.2156152197263,0.0,1225.4032961152689,1636.5524854369369,1974.5684745520389,4975.828001840242,0.0,1830.322265625,2756.25,3251.513671875,12360.05859375,-201682911801.99985,-1866747811.499996,-1363.0000047036467,1683087088.999995,487925476299.9996
U20/sound_20220928_182634.wav,1,0,13.649526367535431,21.66447356360096,42.24069249870306,48.69415623312808,54.53489522263594,63.76202535496984,0.0,33.795987150337815,279.10909301154834,805.9483811811883,1491.2073703501867,0.0,922.3792020714394,1440.605676572522,1903.5295482047256,4975.828001840242,0.0,1184.326171875,2508.6181640625,3229.98046875,12360.05859375,-91716275861.99995,-697471086.9999994,-71.00000204439709,682458494.0000017,127807230306.99994
U20/sound_20220928_230437.wav,0,1,6.201871221066123,20.15480760710835,56.70795184991661,58.55196243728079,60.78121758616453,65.49518819124654,0.0,230.5145759525035,280.3297801599596,594.3000572988941,1123.9517805406372,0.0,1421.1604685726566,1658.8123500276577,1831.7060525243269,4975.828001840242,0.0,2304.052734375,2713.18359375,3143.84765625,12360.05859375,-45977174131.99999,-484833399.9999991,-1582.9999991737482,462615081.4999994,94032825255.99995
U20/sound_20220929_100158.wav,1,0,11.068995117996176,28.45107164602165,52.16239527745464,56.33947630559297,61.393060298051445,70.41728433374307,0.0,270.16494289420854,628.8679285684962,1354.3401820994372,3651.128191905958,0.0,1220.503010718917,1720.1132900480436,2042.872785725788,4975.828001840242,0.0,1830.322265625,2627.05078125,3208.447265625,12360.05859375,-344004009312.0,-2329055935.999996,-438.0000013934401,2262066673.9999967,518666274412.9999
U20/sound_20220929_170944.wav,0,-2,10.979399800633855,25.791311455814636,50.4667269105216,56.265701283353046,59.45643310317897,71.32319200253865,0.0,128.33136201475654,511.8657036129264,1049.6799219174206,2305.995241370341,0.0,1012.1455277347538,1404.9742710140938,1791.7388898777313,5309.394144198139,0.0,1507.32421875,2153.3203125,2906.982421875,13049.12109375,-283816859599.99994,-3095638105.5,-718.9999989051875,3063667298.499999,411507404409.9999
U20/sound_20220929_201659.wav,0,1,12.138446182763497,19.60360640525276,47.69470779042967,51.73744523882525,54.373236565561946,62.65955751453294,0.0,72.93163202080939,302.58465935043495,546.5240534648269,1038.0725164054804,0.0,891.279068106646,1262.746952832821,1623.8767471785804,4975.828001840242,0.0,1098.193359375,2196.38671875,3036.181640625,12360.05859375,-79274603164.99998,-641480476.9999996,11.000000776170342,637596172.0000007,89608289713.99997
U20/sound_20220929_224735.wav,1,0,7.265550435432026,24.868232033119355,60.02002536484259,62.65145342287395,66.84079603020942,75.36235257592647,0.0,343.7376439540682,769.4771078669268,1239.7501969272882,2324.660818988405,0.0,1269.9543145103833,1569.8185212998865,1789.0155782872337,4975.828001840242,0.0,2024.12109375,2476.318359375,2906.982421875,12360.05859375,-233798754853.0,-1886070850.999999,-1356.9999986171472,1874738757.5000012,478317319701.0
U20/sound_20220930_093347.wav,0,-2,11.740735063210453,36.26929311779808,57.87674597242761,60.74864363775377,63.57196696386656,77.95583037739584,0.0,311.7054463513407,887.6644815579957,1502.5194810117678,8291.596351467193,0.0,1265.950507936117,1499.4819531300743,1829.669560001164,4975.828001840242,0.0,1701.123046875,2217.919921875,2906.982421875,12360.05859375,-807757910146.9995,-3681244171.999996,-3044.0000063939037,3666567328.500008,1458475884846.999
U20/sound_20220930_122646.wav,1,0,7.364501153830829,29.448357448086547,61.37006285388114,65.03795271707891,68.1111958154973,76.66730734306658,0.0,401.17143702112907,711.5465237496762,1402.6631861615874,4489.341235472709,0.0,1269.1184796862535,1566.1221569351017,1815.7143332292544,4975.828001840242,0.0,1986.43798828125,2583.984375,3100.78125,12360.05859375,-157270749229.99997,-1464796381.500001,-3362.9999979731765,1436338078.9999986,463441073385.9999
U20/sound_20220930_174848.wav,0,1,14.369748771126927,35.36684632023812,49.51280814093696,55.48704584852527,58.870314159360994,67.08198827773411,0.0,142.14671727540082,830.147293872151,1363.878163591185,7478.091222108211,0.0,888.7804838611399,1204.8519792168586,1612.0330580526124,4975.828001840242,0.0,1012.060546875,1593.45703125,2648.583984375,12360.05859375,-965974950584.0,-3882983044.000004,-210.99998536969773,3826723033.000011,1825894562152.0
U20/sound_20220930_225756.wav,1,0,6.564697775170232,19.736910744957022,58.37062686685142,60.37705169930723,62.240348231902985,67.56746086600702,0.0,270.6311840999964,362.0114656603175,805.4378398927954,1420.7565774760317,0.0,1344.9448409244849,1687.603436355717,1867.897892446378,4975.828001840242,0.0,2164.0869140625,2842.3828125,3154.6142578125,12360.05859375,-55660219453.99999,-491406747.0000004,-3746.00000057039,416746322.9999992,142433378884.0
U20/sound_20221001_125612.wav,1,0,13.424234285944756,24.578059633129808,42.73302283907535,46.561312552238434,54.8692762540876,68.81615155938483,0.0,69.9199301071129,146.33839610373434,845.713238117507,1944.3324276870635,0.0,1370.2290726897554,1843.6823697864595,2231.104367913358,4975.828001840242,0.0,1981.0546875,2583.984375,3165.380859375,12360.05859375,-88184066193.99998,-355028310.9999998,-195.9999997366372,305771199.0000008,172236647077.99997
U20/sound_20221001_200513.wav,0,1,7.516771553289255,25.666298659047563,53.40987209115637,56.128773644810806,59.42534705834662,67.5638578768259,0.0,341.1338897917509,514.4994016297237,991.3429800139136,3077.7969727658137,0.0,1263.099512242187,1587.6985266061258,1776.6970470391948,5018.975199323126,0.0,1787.255859375,2153.3203125,2497.8515625,12360.05859375,-85491675123.00002,-1251091264.999997,-8534.999998806927,1166151895.0,352154930670.00006
U20/sound_20221001_225515.wav,1,0,6.963776982960373,22.68904135246843,55.831612056417526,59.02913743133448,62.204416924826575,73.92302761505302,0.0,238.82600490433023,294.6398796690737,833.128453235902,1771.7430784774672,0.0,1356.4977192946217,1717.690167073043,1875.0665613076949,4975.828001840242,0.0,2260.986328125,2842.3828125,3111.5478515625,12360.05859375,-68816276314.99997,-530620965.4999994,-2183.000000887384,437455007.9999991,155836640779.9999
U20/sound_20221002_050221.wav,0,-2,12.648833680113349,22.49841428943406,50.16016173833835,55.99485711451594,58.28594070103172,64.25027341908111,0.0,119.37409278502784,654.6381869106925,987.7152984307072,1717.9608053192835,0.0,1202.1793277656943,1647.1617304828992,2528.9822904568614,4975.828001840242,0.0,1981.0546875,3014.6484375,4242.041015625,12360.05859375,-145412859121.99994,-997282842.5000027,-2.999999574682761,961700186.4999964,248429607060.99988
U20/sound_20221002_075116.wav,1,2,4.401053094225195,30.843149652112643,66.74355623013642,68.91138341256737,72.17139385985942,80.44638438019537,0.0,1816.134360177963,2478.545644673101,3301.1161433294737,5129.429368076906,0.0,1285.330547689848,1465.8617672722603,1696.9873866735547,4975.828001840242,0.0,1814.17236328125,2325.5859375,2842.3828125,12360.05859375,-1274573604362.9998,-10994993560.99999,2461.999996891997,10976003496.999996,3089532842138.999
U20/sound_20221002_175551.wav,1,0,6.837637258184604,25.143614265126505,55.60230745237807,59.17016723585252,63.23948617722176,70.58778050012364,0.0,507.3396985827294,906.7059260494858,1404.3504457253264,2458.52794160417,0.0,1548.4230818288447,1832.9832755765651,2053.9188451518103,4975.828001840242,0.0,1959.521484375,2196.38671875,2605.517578125,12360.05859375,-193002011722.0,-1378979433.0000002,-1184.0000038705457,1297397625.9999983,416213073349.0
U20/sound_20221002_213206.wav,0,1,10.616560057879758,26.940397939404168,53.85584843910878,57.65718907234182,60.260815172387765,68.71234636277917,0.0,246.5718351899408,616.2543459849289,1157.942777746034,2761.397587673139,0.0,1104.9706155576089,1380.1034983073516,1745.6840861310416,4975.828001840242,0.0,1593.45703125,2067.1875,3122.314453125,12360.05859375,-294675535279.99976,-2008196277.0,-47.00000417440671,1906487333.0000029,493232941455.9995
U20/sound_20221003_105056.wav,1,2,7.239368179306801,23.72657569351169,48.640141367124855,52.66295055392109,57.586150257262375,66.86465297146175,0.0,128.43438367186758,433.4635832644875,861.3975479594676,2101.3716727953106,0.0,1116.6427802639146,1434.847305608513,1752.2739160980277,4975.828001840242,0.0,1528.857421875,1981.0546875,2799.31640625,12360.05859375,-63986078168.99999,-554984029.000001,-655.9999998884443,539791510.5000002,158784006695.99997
U20/sound_20221003_201622.wav,1,0,12.039530505827962,27.85105664398205,56.15441045201888,59.510444248583696,61.99090981585436,68.6175322171606,0.0,176.26238303936626,732.3772030069149,1754.8360730818647,3471.9428550131065,0.0,974.5896497673832,1325.837915019089,1850.5061327564365,4975.828001840242,0.0,1464.2578125,2454.78515625,3251.513671875,12360.05859375,-241344591892.99976,-2477217796.000002,-994.0000030034564,2200627804.9999914,597254738555.9994
U20/sound_20221004_111025.wav,0,-2,12.030643977976071,30.591520472063397,54.58169964018407,58.31039235710898,60.77262964555922,69.86517906484372,0.0,363.2204558728107,1033.3010521881438,1915.1185208148024,4959.381457393795,0.0,999.8811743912192,1240.9803626848498,1506.867442297788,4975.828001840242,0.0,1324.2919921875,1701.123046875,2174.853515625,12360.05859375,-479461874125.0005,-3233811860.000004,-3413.000003920394,2909706934.499994,1264041100903.9995
U20/sound_20221004_223905.wav,1,2,9.590705975828476,24.39824169453967,58.29323649423951,60.83314974153972,62.35552895380231,69.42416551352525,0.0,373.0224519500064,876.891604050299,1417.3839625158075,2378.671429605092,0.0,1058.1454899639862,1271.764127341434,1546.2143340358864,4975.828001840242,0.0,1442.724609375,1765.72265625,2282.51953125,12360.05859375,-468085649390.9999,-3077756947.999999,-568.9999945079062,2977026428.0,682163007307.9999
U20/sound_20221005_132557.wav,1,0,12.14112027713358,25.845584111115866,45.398184432739306,51.79533726229323,58.79926362776471,69.0050206188611,0.0,122.19353421235796,283.1631347336304,1215.1237878791887,2878.394138305192,0.0,1092.8248362045638,1663.9738099624044,2143.442160882121,4975.828001840242,0.0,1614.990234375,2433.251953125,3057.71484375,12360.05859375,-223346597741.99985,-1900973808.4999971,-332.00000478452216,1816371905.4999948,306390891859.99976
U20/sound_20221005_200205.wav,0,-2,15.4016213378666,34.68084664953535,52.56254384007518,56.55966683632862,60.0062930623709,67.89730034009504,0.0,199.8380715015801,800.455492352258,1321.2442144959275,7131.4590909996505,0.0,1038.9114334781848,1298.3590438766323,1556.16279494583,4975.828001840242,0.0,1076.66015625,1701.123046875,2540.91796875,12360.05859375,-1454015532130.9993,-3389560863.499998,-1053.0000402449716,3407828297.500016,2111507080301.9995
U20/sound_20221006_114119.wav,0,-2,13.623960349973844,26.87049033790765,42.81234278752825,53.342040116842455,56.8818826726632,65.9394904832159,0.0,53.6408214004189,588.7067157489956,1046.4643191858154,2610.758880316668,0.0,923.772261190908,1309.9567567178392,2242.3706772620853,4975.828001840242,0.0,1119.7265625,2260.986328125,3703.7109375,12360.05859375,-326367538574.00006,-2784474069.500002,-151.99999905311802,2714129665.500003,420222370965.0
U20/sound_20221006_203649.wav,1,0,11.16960340021491,27.26739056764393,51.67734542247433,55.24237234024214,58.66378367955585,65.33943517709827,0.0,173.04754647693906,497.3164445261123,1134.1736222160855,3560.657577235449,0.0,1128.3048828514657,1420.9309181402589,1750.6798109185825,4975.828001840242,0.0,1378.125,2088.720703125,2777.783203125,12919.921875,-231669277391.0,-1804348714.5000005,-409.000000187334,1738011630.5000014,376452421205.0
