FileName,pupil_leftX,pupil_leftY,pupil_rightX,pupil_rightY,nose_tipX,nose_tipY,mouth_leftX,mouth_leftY,mouth_rightX,mouth_rightY,eyebrow_left_outerX,eyebrow_left_outerY,eyebrow_left_innerX,eyebrow_left_innerY,eye_left_outerX,eye_left_outerY,eye_left_topX,eye_left_topY,eye_left_bottomX,eye_left_bottomY,eye_left_innerX,eye_left_innerY,eyebrow_right_innerX,eyebrow_right_innerY,eyebrow_right_outerX,eyebrow_right_outerY,eye_right_innerX,eye_right_innerY,eye_right_topX,eye_right_topY,nose_right_alar_topX,nose_right_alar_topY,nose_left_alar_out_tipX,nose_left_alar_out_tipY,nose_right_alar_out_tipX,nose_right_alar_out_tipY,upper_lip_topX,upper_lip_topY,upper_lip_bottomX,upper_lip_bottomY
user_12/IMG_20210718_081513.jpg, 482.0,  1236.4, 900.1,  1247.0, 681.1,  1493.6, 484.5,  1643.2, 877.3,  1650.8, 366.4,  1094.8, 573.2,  1102.3, 404.5,  1231.4, 492.4,  1211.0, 470.2,  1258.3, 561.0,  1244.9, 801.7,  1120.8, 1036.8,  1139.4, 823.7,  1254.2, 891.5,  1216.6, 782.3,  1426.3, 544.5,  1498.7, 817.5,  1509.2, 691.0,  1659.3, 679.5,  1679.6
user_12/IMG_20210719_180035.jpg, 666.5,  1346.5, 1068.3,  1309.0, 865.1,  1595.0, 717.1,  1734.7, 1091.8,  1704.3, 542.7,  1225.3, 730.9,  1218.5, 594.0,  1347.5, 672.3,  1322.6, 657.1,  1369.2, 742.7,  1346.9, 949.6,  1209.1, 1190.6,  1187.9, 994.1,  1325.1, 1054.2,  1282.4, 967.0,  1507.5, 748.6,  1600.4, 1012.0,  1581.4, 903.7,  1742.6, 895.8,  1760.8
user_12/IMG_20210719_180037.jpg, 626.4,  1350.8, 1010.5,  1288.8, 826.6,  1559.7, 690.3,  1740.0, 1050.8,  1691.4, 499.6,  1242.9, 678.5,  1212.6, 556.0,  1360.3, 630.6,  1322.6, 618.7,  1374.5, 700.3,  1345.8, 891.3,  1188.9, 1121.7,  1169.5, 939.5,  1309.7, 994.4,  1259.0, 921.4,  1483.2, 717.2,  1591.6, 968.0,  1559.8, 870.4,  1722.3, 863.3,  1741.9
user_12/IMG_20210721_135617.jpg, 588.6,  1453.3, 1058.0,  1433.5, 810.1,  1747.2, 627.2,  2007.7, 1029.5,  2002.2, 452.0,  1275.3, 674.7,  1255.0, 502.7,  1455.6, 597.6,  1421.3, 576.8,  1480.1, 677.4,  1456.0, 936.0,  1259.8, 1202.6,  1278.3, 971.0,  1446.8, 1042.7,  1395.7, 937.5,  1670.4, 662.3,  1786.5, 980.0,  1784.6, 832.7,  1994.4, 821.8,  2024.7
user_12/IMG_20210721_135618.jpg, 645.2,  1348.7, 1113.7,  1330.4, 864.3,  1627.6, 686.4,  1887.8, 1083.5,  1882.0, 506.4,  1172.6, 732.3,  1152.7, 559.7,  1351.6, 653.6,  1317.0, 634.0,  1375.5, 733.3,  1350.9, 993.4,  1157.3, 1264.5,  1177.3, 1027.2,  1342.8, 1098.9,  1293.0, 990.0,  1556.7, 721.2,  1669.3, 1033.2,  1668.4, 887.9,  1869.9, 877.9,  1900.3
user_12/IMG_20210721_135620.jpg, 645.4,  1259.6, 1096.5,  1228.6, 863.8,  1505.2, 696.5,  1771.2, 1082.0,  1753.4, 509.5,  1094.6, 723.5,  1065.5, 562.7,  1266.2, 652.9,  1225.3, 635.1,  1288.0, 731.0,  1258.9, 975.0,  1062.4, 1234.7,  1079.6, 1012.7,  1243.5, 1081.2,  1189.3, 982.8,  1441.1, 726.2,  1558.7, 1026.8,  1548.0, 892.8,  1742.4, 883.3,  1772.2
user_12/IMG_20210723_101224.jpg, 556.3,  1436.2, 992.4,  1319.9, 769.5,  1652.0, 672.3,  1884.6, 1092.2,  1786.7, 394.5,  1309.0, 590.5,  1253.9, 485.7,  1454.4, 555.3,  1414.0, 552.2,  1456.2, 632.0,  1420.3, 826.0,  1197.3, 1120.1,  1148.4, 915.4,  1345.6, 974.4,  1295.8, 895.7,  1548.9, 662.7,  1696.4, 966.2,  1631.8, 856.6,  1838.7, 854.8,  1866.6
user_12/IMG_20210723_101225.jpg, 556.7,  1402.4, 1004.2,  1279.5, 778.9,  1658.9, 681.7,  1865.1, 1091.3,  1777.0, 393.6,  1284.9, 588.6,  1240.4, 480.7,  1418.8, 554.1,  1365.9, 551.3,  1434.8, 640.8,  1390.2, 831.8,  1183.0, 1124.3,  1111.3, 921.6,  1315.9, 976.7,  1242.6, 903.3,  1544.7, 677.9,  1692.8, 970.8,  1630.8, 861.8,  1833.5, 859.2,  1860.5
user_12/IMG_20210723_101223.jpg, 597.1,  1426.6, 1054.1,  1318.7, 834.7,  1667.2, 706.6,  1890.1, 1141.4,  1801.7, 432.7,  1295.2, 641.9,  1245.5, 518.9,  1442.2, 597.6,  1398.2, 591.1,  1452.1, 680.8,  1413.9, 891.9,  1196.4, 1182.8,  1148.5, 971.7,  1347.2, 1033.4,  1288.9, 956.8,  1561.0, 712.5,  1706.8, 1024.1,  1647.3, 909.8,  1854.8, 905.5,  1881.7
user_12/IMG_20210724_122229.jpg, 665.0,  1424.3, 1147.8,  1455.7, 868.9,  1703.0, 650.9,  1862.8, 1108.7,  1892.2, 537.1,  1254.5, 772.9,  1269.9, 580.7,  1415.8, 674.5,  1404.4, 652.8,  1442.8, 752.0,  1434.0, 1031.8,  1297.1, 1315.6,  1333.5, 1061.5,  1455.0, 1140.7,  1429.8, 995.0,  1633.7, 721.0,  1700.2, 1036.8,  1725.4, 880.5,  1890.4, 867.9,  1912.9
user_12/IMG_20210724_122231.jpg, 634.0,  1391.5, 1112.4,  1415.7, 821.5,  1718.3, 620.7,  1864.1, 1059.5,  1894.2, 492.9,  1223.8, 734.6,  1240.5, 550.3,  1382.2, 643.5,  1359.3, 621.3,  1420.5, 720.7,  1404.0, 993.0,  1262.6, 1289.2,  1291.7, 1024.2,  1421.8, 1104.2,  1376.5, 949.8,  1634.0, 684.9,  1705.5, 988.6,  1732.0, 832.8,  1894.2, 821.2,  1918.2
user_12/IMG_20210724_122232.jpg, 590.0,  1422.8, 1059.0,  1444.2, 770.3,  1735.9, 578.1,  1888.8, 1005.9,  1919.2, 461.4,  1267.0, 681.9,  1279.1, 507.7,  1414.9, 599.8,  1390.7, 576.0,  1450.5, 676.5,  1435.0, 938.0,  1303.3, 1220.5,  1327.5, 971.3,  1451.1, 1048.0,  1405.5, 899.0,  1658.5, 640.3,  1730.7, 936.1,  1754.7, 784.7,  1921.0, 773.1,  1942.6
user_12/IMG_20210726_014540.jpg, 752.1,  1324.1, 1154.2,  1385.6, 900.6,  1617.2, 729.3,  1775.4, 1044.7,  1822.1, 661.1,  1162.6, 853.7,  1195.7, 678.8,  1308.6, 765.2,  1297.6, 736.7,  1347.8, 827.7,  1342.4, 1073.3,  1244.0, 1302.3,  1289.0, 1078.2,  1384.0, 1147.7,  1351.2, 1010.8,  1562.4, 780.6,  1613.8, 1029.6,  1656.4, 891.1,  1803.2, 879.4,  1822.3
user_12/IMG_20210726_014542.jpg, 718.8,  1217.1, 1122.0,  1250.7, 883.5,  1473.6, 724.2,  1668.1, 1041.2,  1691.9, 618.2,  1068.1, 811.2,  1079.1, 645.4,  1209.7, 730.2,  1185.0, 704.8,  1244.4, 794.8,  1229.4, 1029.1,  1110.5, 1261.3,  1149.1, 1045.9,  1254.6, 1113.6,  1212.1, 988.9,  1424.1, 765.1,  1494.4, 1014.4,  1518.7, 886.7,  1666.8, 876.5,  1690.7
user_12/IMG_20210726_014543.jpg, 693.9,  1266.7, 1113.2,  1304.4, 853.6,  1580.8, 703.3,  1744.3, 1022.1,  1772.4, 586.5,  1115.3, 784.9,  1140.5, 618.5,  1254.1, 705.7,  1233.1, 678.2,  1296.8, 773.2,  1283.0, 1012.4,  1175.4, 1261.8,  1200.9, 1032.7,  1310.4, 1103.2,  1263.5, 966.6,  1510.7, 741.3,  1578.9, 991.5,  1606.5, 860.5,  1762.3, 850.9,  1783.6
user_12/IMG_20210727_092742.jpg, 571.2,  1362.0, 992.1,  1289.5, 794.6,  1620.3, 661.9,  1779.4, 1048.2,  1715.8, 429.7,  1255.4, 627.9,  1228.7, 495.6,  1369.2, 573.5,  1328.0, 563.3,  1392.9, 652.4,  1357.7, 855.1,  1201.3, 1115.9,  1160.2, 914.3,  1316.1, 972.1,  1254.5, 895.9,  1519.2, 681.4,  1635.3, 948.9,  1595.3, 849.7,  1765.9, 844.3,  1788.0
user_12/IMG_20210727_092742.jpg, 1325.1,  248.0, 1417.8,  244.1, 1372.2,  310.8, 1340.9,  337.5, 1411.4,  333.7, 1292.0,  226.1, 1344.3,  229.5, 1308.6,  246.8, 1326.0,  239.3, 1323.4,  256.4, 1342.4,  249.6, 1391.2,  228.5, 1449.4,  220.4, 1400.7,  247.9, 1416.0,  234.6, 1390.7,  289.4, 1346.9,  308.5, 1398.6,  306.0, 1375.9,  335.5, 1375.1,  341.1
user_12/IMG_20210727_092740.jpg, 640.0,  1328.7, 1056.6,  1302.9, 828.2,  1608.6, 692.0,  1738.0, 1069.5,  1717.5, 510.5,  1195.7, 704.3,  1200.3, 566.8,  1325.2, 645.4,  1302.2, 630.0,  1354.7, 717.9,  1332.7, 930.0,  1196.5, 1192.8,  1175.6, 979.0,  1318.3, 1041.7,  1272.5, 939.4,  1515.0, 718.4,  1603.3, 985.3,  1592.4, 870.8,  1752.2, 864.2,  1772.2
user_12/IMG_20210727_092740.jpg, 1280.7,  143.3, 1373.8,  135.5, 1329.9,  206.5, 1299.6,  233.8, 1371.4,  226.8, 1246.7,  121.2, 1298.5,  122.8, 1264.1,  142.7, 1281.3,  134.7, 1279.3,  151.7, 1298.1,  144.2, 1346.7,  120.0, 1404.9,  110.2, 1356.8,  140.1, 1371.4,  126.1, 1348.3,  183.5, 1304.4,  204.3, 1356.9,  200.0, 1335.1,  231.6, 1334.3,  236.9
user_12/IMG_20210728_010327.jpg, 588.5,  1180.4, 948.0,  1114.7, 770.0,  1389.7, 673.6,  1534.5, 986.7,  1483.6, 463.2,  1080.6, 629.3,  1060.1, 525.2,  1186.8, 589.8,  1152.6, 582.6,  1206.2, 656.5,  1175.8, 825.0,  1033.7, 1054.2,  992.6, 881.3,  1137.1, 930.6,  1085.6, 859.2,  1307.6, 681.3,  1407.2, 905.6,  1373.6, 820.8,  1520.3, 817.3,  1538.2
user_12/IMG_20210728_010325.jpg, 681.7,  1206.8, 1036.5,  1142.1, 856.8,  1405.9, 761.8,  1534.0, 1090.6,  1474.5, 557.7,  1109.4, 720.1,  1095.3, 620.8,  1212.5, 683.3,  1185.2, 676.0,  1227.7, 746.7,  1201.6, 912.0,  1068.0, 1144.9,  1023.3, 972.0,  1161.5, 1021.8,  1119.4, 946.8,  1321.7, 769.2,  1417.1, 996.5,  1380.4, 914.3,  1522.4, 911.2,  1539.5
user_12/IMG_20210728_195517.jpg, 707.5,  1275.8, 1088.8,  1213.7, 907.7,  1475.9, 782.7,  1616.5, 1131.5,  1560.6, 579.5,  1162.7, 759.9,  1148.0, 639.7,  1280.8, 711.1,  1255.8, 700.8,  1296.2, 778.5,  1270.4, 965.5,  1123.6, 1199.3,  1083.4, 1019.4,  1232.1, 1075.1,  1192.2, 999.2,  1391.5, 799.7,  1490.2, 1048.0,  1453.6, 955.3,  1605.6, 950.1,  1623.7
user_12/IMG_20210728_195518.jpg, 597.6,  1213.0, 987.7,  1157.0, 800.4,  1445.7, 683.8,  1594.2, 1004.3,  1552.0, 470.3,  1108.6, 656.2,  1098.2, 528.2,  1216.8, 600.9,  1186.4, 590.5,  1238.5, 671.0,  1210.4, 863.9,  1078.6, 1099.6,  1038.4, 916.7,  1177.0, 972.3,  1129.1, 889.8,  1357.9, 695.7,  1456.2, 934.3,  1428.6, 842.0,  1586.9, 836.8,  1605.6
user_12/IMG_20210729_132859.jpg, 709.8,  1358.1, 992.7,  1353.6, 833.2,  1551.9, 726.5,  1623.7, 992.5,  1620.3, 625.9,  1273.5, 758.9,  1284.2, 658.7,  1353.8, 715.3,  1339.8, 701.7,  1375.3, 763.5,  1363.5, 912.8,  1288.7, 1088.3,  1282.3, 939.4,  1361.9, 984.3,  1332.5, 907.7,  1491.1, 756.2,  1542.2, 935.6,  1542.2, 855.8,  1643.2, 849.7,  1654.9
user_12/IMG_20210729_132900.jpg, 726.4,  1331.2, 999.3,  1325.7, 838.4,  1522.8, 739.1,  1584.4, 1008.3,  1580.5, 645.5,  1254.2, 769.8,  1261.9, 677.8,  1327.4, 731.2,  1312.6, 718.3,  1348.5, 778.2,  1336.4, 918.2,  1265.4, 1092.0,  1261.5, 947.5,  1334.2, 990.4,  1304.4, 914.6,  1461.4, 768.4,  1510.5, 943.1,  1510.0, 866.1,  1606.5, 860.1,  1617.0
user_12/IMG_20210729_132900.jpg, 487.9,  1435.3, 507.5,  1443.5, 482.0,  1456.5, 482.8,  1471.3, 499.3,  1477.7, 483.6,  1425.7, 491.1,  1430.5, 485.8,  1434.1, 487.8,  1433.7, 487.6,  1436.7, 490.5,  1436.5, 498.7,  1433.3, 518.1,  1440.4, 504.3,  1442.2, 507.0,  1441.5, 497.1,  1454.3, 483.2,  1455.3, 498.1,  1462.2, 486.3,  1470.7, 486.5,  1473.0
user_12/IMG_20210729_132900.jpg, 740.0,  500.8, 770.3,  509.5, 760.0,  527.2, 734.7,  542.6, 765.0,  547.7, 728.1,  492.6, 752.9,  494.9, 734.8,  499.9, 740.8,  498.9, 739.6,  502.4, 745.0,  502.1, 766.2,  499.6, 781.4,  506.0, 765.8,  508.6, 771.0,  507.5, 764.5,  522.0, 743.3,  526.4, 765.9,  530.5, 755.2,  542.9, 754.1,  545.9
user_12/IMG_20210730_093342.jpg, 585.0,  1518.3, 926.9,  1584.6, 739.5,  1794.9, 527.7,  1878.2, 842.5,  1933.4, 485.5,  1397.0, 698.9,  1440.3, 520.4,  1503.1, 596.7,  1497.2, 575.2,  1537.3, 647.8,  1535.5, 875.4,  1482.5, 1059.2,  1519.6, 866.7,  1581.7, 927.5,  1558.2, 818.6,  1733.9, 610.1,  1763.9, 832.1,  1808.5, 708.4,  1917.1, 695.6,  1937.8
user_12/IMG_20210730_093344.jpg, 590.9,  1460.7, 916.3,  1540.0, 734.2,  1734.3, 527.3,  1825.1, 812.9,  1887.5, 497.0,  1345.9, 707.0,  1395.7, 529.0,  1444.4, 603.4,  1439.0, 580.7,  1479.7, 650.4,  1479.7, 869.7,  1443.1, 1044.2,  1488.0, 859.4,  1534.7, 918.8,  1513.4, 808.8,  1680.0, 607.8,  1705.3, 816.8,  1756.5, 695.0,  1860.6, 682.1,  1880.7
user_12/IMG_20210730_093345.jpg, 606.2,  1345.3, 940.3,  1429.1, 744.6,  1623.3, 542.1,  1706.7, 834.6,  1770.5, 523.3,  1197.1, 720.3,  1251.4, 541.2,  1324.4, 621.7,  1322.5, 592.5,  1366.2, 669.5,  1368.1, 900.3,  1308.4, 1077.2,  1353.7, 878.7,  1424.4, 942.6,  1398.9, 822.7,  1573.4, 619.7,  1596.2, 831.5,  1648.7, 709.6,  1749.9, 695.9,  1768.4
user_12/IMG_20210731_153941.jpg, 689.4,  1308.4, 1037.8,  1309.1, 826.8,  1560.1, 703.3,  1646.5, 1026.6,  1650.5, 585.9,  1204.3, 748.7,  1215.4, 627.6,  1302.3, 695.8,  1280.7, 678.8,  1333.5, 755.3,  1317.1, 938.2,  1224.0, 1160.8,  1225.6, 971.0,  1320.2, 1026.6,  1277.1, 923.3,  1486.4, 739.9,  1546.4, 955.7,  1552.9, 854.7,  1671.3, 847.3,  1686.4
user_12/IMG_20210731_153940.jpg, 692.6,  1367.2, 1035.1,  1372.5, 821.7,  1610.4, 695.2,  1700.1, 1018.5,  1713.3, 591.4,  1253.7, 753.1,  1265.9, 632.8,  1360.7, 698.8,  1344.6, 683.0,  1387.9, 755.9,  1375.3, 939.2,  1275.3, 1159.7,  1282.7, 970.3,  1380.2, 1025.6,  1345.4, 921.2,  1540.8, 733.1,  1596.6, 953.3,  1608.3, 845.0,  1727.6, 837.4,  1742.6
user_12/IMG_20210801_124319.jpg, 803.5,  1432.0, 1178.5,  1393.3, 980.3,  1663.6, 874.7,  1843.4, 1174.7,  1820.5, 685.8,  1306.8, 858.0,  1294.4, 736.4,  1434.5, 807.8,  1403.6, 795.0,  1458.0, 874.8,  1432.0, 1063.1,  1284.2, 1291.4,  1267.2, 1107.9,  1410.6, 1162.0,  1361.8, 1079.1,  1589.7, 883.9,  1686.8, 1119.1,  1670.9, 1018.1,  1830.5, 1013.3,  1852.7
user_12/IMG_20210801_124320.jpg, 738.5,  1407.6, 1112.2,  1355.3, 924.7,  1650.4, 829.4,  1811.2, 1121.3,  1777.4, 617.6,  1303.9, 791.1,  1289.1, 671.5,  1411.0, 740.9,  1373.9, 730.5,  1438.3, 811.0,  1407.0, 989.8,  1272.0, 1219.7,  1238.3, 1041.6,  1378.2, 1093.2,  1320.0, 1017.4,  1566.0, 833.3,  1667.1, 1059.0,  1643.0, 967.3,  1798.0, 963.3,  1818.7
user_12/IMG_20210803_103155.jpg, 711.1,  1398.1, 1045.3,  1371.9, 870.0,  1588.5, 755.9,  1724.4, 1065.2,  1698.7, 605.3,  1277.4, 763.6,  1275.2, 651.2,  1398.4, 716.5,  1383.2, 703.9,  1413.0, 772.8,  1397.8, 947.6,  1268.8, 1156.9,  1256.3, 984.1,  1381.8, 1034.9,  1353.9, 959.4,  1523.1, 775.3,  1600.8, 999.7,  1586.0, 906.8,  1717.6, 901.7,  1735.8
user_12/IMG_20210803_103156.jpg, 681.9,  1321.1, 1018.4,  1294.4, 846.1,  1498.2, 727.7,  1649.3, 1018.3,  1627.6, 576.3,  1199.3, 736.6,  1192.9, 620.5,  1322.7, 687.7,  1302.3, 674.6,  1338.8, 744.8,  1320.5, 923.1,  1186.6, 1124.2,  1180.5, 956.4,  1305.1, 1008.1,  1272.3, 928.7,  1440.7, 749.4,  1519.2, 964.8,  1506.7, 873.9,  1636.5, 868.1,  1655.6
user_12/IMG_20210803_103158.jpg, 691.8,  1289.5, 1018.8,  1261.7, 837.1,  1484.5, 739.9,  1624.4, 1023.9,  1603.8, 588.7,  1178.3, 738.9,  1173.6, 633.5,  1290.0, 696.0,  1265.0, 684.0,  1312.1, 753.6,  1291.0, 917.7,  1166.9, 1126.1,  1153.0, 956.6,  1276.0, 1004.9,  1234.0, 926.6,  1422.6, 754.6,  1500.4, 963.3,  1488.2, 872.8,  1613.4, 868.7,  1632.8
user_12/IMG_20210804_155114.jpg, 660.9,  1203.0, 974.1,  1139.9, 836.1,  1413.8, 745.0,  1480.8, 1029.2,  1421.1, 536.1,  1137.6, 698.3,  1134.4, 605.8,  1206.9, 660.2,  1179.0, 659.2,  1226.7, 718.4,  1199.4, 867.0,  1103.4, 1076.1,  1041.7, 918.4,  1160.5, 961.5,  1114.3, 901.1,  1318.3, 754.9,  1401.3, 943.7,  1366.0, 880.0,  1481.1, 878.8,  1496.5
user_12/IMG_20210804_155113.jpg, 718.8,  1191.2, 1038.0,  1134.8, 895.0,  1403.5, 806.9,  1475.5, 1086.3,  1421.1, 605.4,  1111.5, 756.7,  1114.4, 660.5,  1191.7, 720.2,  1168.0, 713.5,  1215.8, 780.8,  1189.3, 931.7,  1091.2, 1135.0,  1034.4, 978.5,  1155.7, 1023.3,  1110.7, 965.1,  1312.6, 814.0,  1393.4, 1006.2,  1359.7, 942.9,  1480.8, 939.8,  1493.9
user_12/IMG_20210805_183553.jpg, 468.5,  1392.9, 848.9,  1317.6, 640.5,  1657.8, 566.7,  1769.8, 922.9,  1709.8, 332.5,  1289.8, 494.5,  1280.7, 404.3,  1397.7, 467.0,  1362.4, 462.7,  1422.4, 539.8,  1389.0, 700.3,  1247.0, 964.4,  1188.7, 777.3,  1343.7, 827.0,  1285.3, 751.6,  1546.2, 563.3,  1652.2, 807.5,  1613.8, 719.0,  1772.8, 716.1,  1790.9
user_12/IMG_20210805_183551.jpg, 620.6,  1319.2, 1004.5,  1251.4, 779.4,  1590.8, 716.1,  1690.5, 1073.3,  1639.5, 483.8,  1216.0, 642.1,  1216.2, 556.6,  1321.8, 619.2,  1289.0, 614.2,  1349.1, 692.4,  1317.1, 849.1,  1185.8, 1124.0,  1125.7, 931.1,  1276.1, 982.3,  1219.0, 895.6,  1479.0, 711.4,  1578.5, 952.2,  1545.7, 863.6,  1701.3, 861.2,  1718.1
user_12/IMG_20210805_183552.jpg, 612.0,  1330.5, 991.5,  1265.7, 778.1,  1587.1, 704.6,  1696.9, 1058.4,  1644.6, 480.4,  1224.8, 642.0,  1223.0, 548.5,  1333.1, 611.6,  1303.7, 605.5,  1357.2, 682.6,  1327.9, 845.5,  1195.0, 1109.7,  1138.8, 919.9,  1288.5, 971.2,  1237.1, 891.0,  1481.1, 701.3,  1580.7, 946.1,  1546.7, 855.4,  1702.6, 852.6,  1720.0
user_12/IMG_20210807_172457.jpg, 637.2,  1347.4, 997.6,  1292.4, 812.0,  1576.3, 711.4,  1688.5, 1046.1,  1638.3, 516.3,  1259.4, 682.0,  1249.6, 574.0,  1351.0, 639.0,  1320.9, 630.3,  1372.6, 705.4,  1345.0, 875.2,  1228.4, 1110.8,  1189.8, 930.6,  1312.5, 981.5,  1264.8, 904.8,  1485.1, 724.7,  1576.5, 951.5,  1546.5, 868.0,  1688.5, 863.3,  1704.2
user_12/IMG_20210807_172458.jpg, 643.8,  1365.6, 993.3,  1299.1, 833.8,  1582.2, 736.4,  1706.3, 1044.9,  1648.6, 522.9,  1276.1, 686.2,  1258.5, 580.3,  1371.0, 645.4,  1338.7, 637.6,  1391.7, 711.8,  1361.1, 875.6,  1232.3, 1095.1,  1187.3, 928.3,  1322.3, 976.0,  1271.8, 915.8,  1492.9, 744.2,  1591.7, 961.5,  1554.2, 886.3,  1698.2, 882.3,  1713.7
user_12/IMG_20210807_172459.jpg, 591.9,  1339.4, 948.0,  1275.7, 772.6,  1568.2, 678.8,  1691.5, 996.5,  1637.4, 470.9,  1253.3, 634.4,  1237.4, 528.9,  1344.9, 592.9,  1310.1, 585.6,  1366.8, 660.2,  1335.9, 825.5,  1212.0, 1054.9,  1170.6, 881.7,  1298.8, 930.2,  1245.6, 861.4,  1476.6, 687.0,  1574.4, 907.5,  1540.9, 828.3,  1686.0, 824.0,  1702.2
user_12/IMG_20210808_215259.jpg, 666.4,  1033.2, 1001.4,  1113.9, 803.5,  1276.5, 603.3,  1332.4, 925.2,  1404.7, 592.5,  890.8, 770.0,  940.3, 601.2,  1013.2, 680.9,  1015.0, 652.9,  1049.6, 730.6,  1055.2, 956.7,  996.1, 1133.8,  1046.9, 938.4,  1107.8, 1001.5,  1088.0, 884.7,  1235.0, 685.9,  1249.6, 898.4,  1302.3, 778.4,  1389.7, 765.6,  1401.8
user_12/IMG_20210808_215257.jpg, 688.0,  1046.7, 1025.8,  1126.8, 826.2,  1287.7, 626.3,  1343.6, 952.4,  1414.9, 615.2,  902.8, 792.6,  952.4, 623.2,  1026.7, 701.7,  1030.5, 675.0,  1061.8, 752.2,  1067.9, 978.8,  1007.3, 1158.3,  1057.3, 962.9,  1119.8, 1025.6,  1103.2, 909.9,  1245.4, 707.2,  1259.4, 925.0,  1311.9, 802.7,  1401.8, 790.0,  1413.2
user_12/IMG_20210808_215256.jpg, 691.9,  1082.7, 1026.5,  1156.3, 837.3,  1329.8, 635.0,  1384.5, 958.2,  1447.7, 618.3,  942.2, 796.7,  989.2, 626.8,  1063.4, 705.6,  1067.9, 679.5,  1096.8, 755.9,  1102.5, 980.7,  1041.0, 1154.6,  1086.1, 964.9,  1150.0, 1026.3,  1134.8, 917.6,  1281.6, 715.1,  1300.2, 932.4,  1347.7, 812.9,  1443.9, 800.5,  1453.7
user_12/IMG_20210808_215237.jpg, 703.4,  1281.6, 1032.4,  1208.4, 864.5,  1462.0, 802.4,  1629.2, 1073.7,  1576.0, 582.8,  1179.3, 731.4,  1154.7, 647.5,  1290.4, 702.7,  1255.4, 699.7,  1305.9, 763.8,  1274.9, 909.5,  1121.3, 1127.5,  1078.8, 971.8,  1230.6, 1015.0,  1180.5, 951.8,  1388.4, 790.8,  1492.1, 998.7,  1454.6, 920.0,  1597.5, 920.2,  1619.6
user_12/IMG_20210808_215238.jpg, 719.7,  1234.8, 1045.0,  1159.4, 894.6,  1401.9, 821.3,  1576.3, 1090.8,  1518.0, 598.9,  1134.7, 748.7,  1103.7, 661.8,  1245.3, 720.2,  1208.2, 715.6,  1258.6, 781.3,  1227.1, 931.1,  1070.7, 1135.3,  1031.5, 985.5,  1182.5, 1027.7,  1131.8, 973.2,  1334.1, 815.0,  1440.0, 1019.0,  1399.0, 946.6,  1539.8, 946.0,  1561.7
user_12/IMG_20210808_215238.jpg, 719.7,  1234.8, 1045.0,  1159.4, 894.6,  1401.9, 821.3,  1576.3, 1090.8,  1518.0, 598.9,  1134.7, 748.7,  1103.7, 661.8,  1245.3, 720.2,  1208.2, 715.6,  1258.6, 781.3,  1227.1, 931.1,  1070.7, 1135.3,  1031.5, 985.5,  1182.5, 1027.7,  1131.8, 973.2,  1334.1, 815.0,  1440.0, 1019.0,  1399.0, 946.6,  1539.8, 946.0,  1561.7
user_12/IMG_20210808_215256.jpg, 691.9,  1082.7, 1026.5,  1156.3, 837.3,  1329.8, 635.0,  1384.5, 958.2,  1447.7, 618.3,  942.2, 796.7,  989.2, 626.8,  1063.4, 705.6,  1067.9, 679.5,  1096.8, 755.9,  1102.5, 980.7,  1041.0, 1154.6,  1086.1, 964.9,  1150.0, 1026.3,  1134.8, 917.6,  1281.6, 715.1,  1300.2, 932.4,  1347.7, 812.9,  1443.9, 800.5,  1453.7
user_12/IMG_20210808_215237.jpg, 703.4,  1281.6, 1032.4,  1208.4, 864.5,  1462.0, 802.4,  1629.2, 1073.7,  1576.0, 582.8,  1179.3, 731.4,  1154.7, 647.5,  1290.4, 702.7,  1255.4, 699.7,  1305.9, 763.8,  1274.9, 909.5,  1121.3, 1127.5,  1078.8, 971.8,  1230.6, 1015.0,  1180.5, 951.8,  1388.4, 790.8,  1492.1, 998.7,  1454.6, 920.0,  1597.5, 920.2,  1619.6
user_12/IMG_20210808_215257.jpg, 688.0,  1046.7, 1025.8,  1126.8, 826.2,  1287.7, 626.3,  1343.6, 952.4,  1414.9, 615.2,  902.8, 792.6,  952.4, 623.2,  1026.7, 701.7,  1030.5, 675.0,  1061.8, 752.2,  1067.9, 978.8,  1007.3, 1158.3,  1057.3, 962.9,  1119.8, 1025.6,  1103.2, 909.9,  1245.4, 707.2,  1259.4, 925.0,  1311.9, 802.7,  1401.8, 790.0,  1413.2
user_12/IMG_20210808_215259.jpg, 666.4,  1033.2, 1001.4,  1113.9, 803.5,  1276.5, 603.3,  1332.4, 925.2,  1404.7, 592.5,  890.8, 770.0,  940.3, 601.2,  1013.2, 680.9,  1015.0, 652.9,  1049.6, 730.6,  1055.2, 956.7,  996.1, 1133.8,  1046.9, 938.4,  1107.8, 1001.5,  1088.0, 884.7,  1235.0, 685.9,  1249.6, 898.4,  1302.3, 778.4,  1389.7, 765.6,  1401.8
user_12/IMG_20210810_121031.jpg, 687.6,  1292.6, 1059.3,  1227.4, 853.3,  1554.2, 785.5,  1640.5, 1130.6,  1587.4, 555.2,  1187.9, 707.2,  1192.5, 624.1,  1293.5, 686.8,  1264.7, 680.8,  1321.2, 758.4,  1291.1, 913.5,  1165.2, 1171.6,  1100.3, 988.1,  1252.1, 1037.0,  1197.8, 960.3,  1446.2, 783.0,  1541.5, 1015.3,  1506.9, 934.1,  1655.6, 931.2,  1669.9
user_12/IMG_20210810_121032.jpg, 717.6,  1307.8, 1088.9,  1245.8, 882.3,  1577.7, 817.4,  1662.7, 1147.0,  1617.5, 585.6,  1206.3, 739.2,  1211.8, 653.9,  1307.6, 716.8,  1278.6, 710.9,  1337.8, 788.9,  1307.1, 942.4,  1186.3, 1200.2,  1124.1, 1017.0,  1270.3, 1066.4,  1215.0, 988.7,  1468.4, 813.7,  1561.9, 1041.3,  1531.2, 959.9,  1680.1, 956.4,  1692.6
user_12/IMG_20210810_121033.jpg, 655.0,  1325.5, 1020.4,  1252.5, 826.3,  1580.0, 768.7,  1673.0, 1092.4,  1616.6, 520.9,  1224.1, 672.4,  1226.1, 592.5,  1327.3, 653.5,  1299.2, 649.3,  1353.6, 724.7,  1322.2, 872.1,  1194.4, 1126.1,  1122.9, 950.4,  1278.0, 997.9,  1225.2, 929.4,  1470.5, 758.0,  1569.9, 984.9,  1530.8, 908.8,  1683.5, 906.5,  1696.4
user_12/IMG_20210812_185848.jpg, 669.8,  1052.7, 1067.3,  1256.6, 773.8,  1395.1, 504.4,  1443.3, 865.5,  1616.1, 627.0,  844.5, 834.0,  962.7, 594.7,  1008.4, 693.6,  1032.7, 647.8,  1070.3, 743.3,  1099.3, 1047.1,  1088.9, 1255.1,  1199.4, 990.8,  1230.8, 1075.3,  1222.8, 887.6,  1373.5, 627.3,  1334.7, 883.9,  1466.0, 704.3,  1545.9, 682.5,  1563.1
user_12/IMG_20210812_185845.jpg, 701.9,  1074.2, 1106.9,  1278.7, 815.1,  1433.1, 534.6,  1477.5, 913.3,  1648.2, 652.9,  857.7, 875.5,  979.6, 624.4,  1028.7, 725.9,  1054.6, 679.8,  1092.6, 777.6,  1120.9, 1091.8,  1107.2, 1303.1,  1218.8, 1029.6,  1253.2, 1115.2,  1245.4, 930.5,  1405.8, 661.8,  1367.3, 928.6,  1498.9, 747.0,  1584.4, 724.8,  1602.1
user_12/IMG_20210812_185847.jpg, 652.2,  1087.2, 1052.0,  1276.8, 768.4,  1416.7, 503.2,  1465.3, 867.9,  1626.9, 601.7,  879.0, 816.0,  991.6, 576.7,  1045.6, 673.2,  1069.9, 632.5,  1103.5, 726.4,  1129.7, 1029.6,  1108.0, 1239.6,  1213.9, 976.7,  1252.0, 1058.1,  1246.9, 880.1,  1391.7, 622.9,  1358.4, 880.4,  1481.4, 705.1,  1563.3, 684.5,  1579.9
user_12/IMG_20210814_190439.jpg, 743.4,  1117.8, 1062.0,  1074.2, 893.9,  1277.0, 810.3,  1412.7, 1079.0,  1375.6, 638.4,  1015.0, 785.6,  1009.6, 687.7,  1120.7, 746.7,  1102.1, 737.5,  1134.1, 801.6,  1114.3, 954.4,  992.9, 1160.0,  963.5, 1003.1,  1087.1, 1049.9,  1056.9, 976.2,  1214.1, 814.3,  1293.9, 1016.7,  1269.7, 936.2,  1393.1, 933.4,  1410.6
user_12/IMG_20210814_190440.jpg, 656.0,  1161.3, 968.9,  1103.8, 815.9,  1315.6, 730.2,  1455.1, 996.9,  1407.2, 547.3,  1070.1, 694.9,  1054.7, 599.6,  1167.4, 658.8,  1140.5, 650.6,  1180.8, 715.0,  1156.3, 862.4,  1031.1, 1060.3,  995.3, 910.9,  1121.6, 955.1,  1082.2, 890.4,  1252.0, 735.9,  1338.9, 931.2,  1307.1, 857.5,  1427.9, 855.0,  1446.0
user_12/IMG_20210814_190440.jpg, 1335.3,  230.4, 1348.8,  231.0, 1341.9,  239.0, 1335.9,  246.9, 1345.4,  247.9, 1330.7,  226.8, 1339.5,  226.7, 1332.8,  230.3, 1335.6,  229.4, 1335.0,  231.2, 1337.9,  230.6, 1345.5,  226.9, 1353.8,  228.1, 1346.3,  231.1, 1348.7,  229.9, 1344.6,  236.9, 1337.9,  239.9, 1345.1,  240.4, 1341.0,  245.9, 1340.8,  247.0
user_12/IMG_20210814_190442.jpg, 669.5,  1177.2, 978.7,  1126.3, 826.1,  1345.8, 738.3,  1473.2, 1010.5,  1429.3, 563.1,  1083.4, 707.9,  1071.5, 613.8,  1181.6, 672.8,  1158.6, 663.7,  1195.3, 727.8,  1173.4, 875.4,  1051.7, 1071.8,  1019.3, 921.4,  1142.5, 965.5,  1106.6, 902.8,  1278.4, 746.0,  1361.9, 943.2,  1333.5, 868.8,  1456.8, 865.6,  1472.9
user_12/IMG_20210814_190442.jpg, 1357.3,  249.2, 1363.3,  248.8, 1362.1,  255.1, 1357.4,  258.9, 1362.5,  258.8, 1354.9,  246.7, 1359.9,  246.3, 1355.8,  249.1, 1357.7,  248.7, 1357.1,  249.8, 1358.7,  249.1, 1362.6,  246.1, 1365.5,  246.5, 1361.9,  248.9, 1363.3,  248.3, 1362.3,  252.8, 1358.6,  255.0, 1362.3,  254.7, 1360.9,  258.7, 1360.5,  259.2
user_12/IMG_20210815_235602.jpg, 578.2,  1258.0, 1002.7,  1247.7, 758.3,  1567.8, 612.1,  1649.1, 1008.3,  1638.6, 438.3,  1138.5, 647.5,  1156.5, 503.6,  1250.9, 584.1,  1225.9, 568.1,  1288.9, 656.9,  1266.2, 876.2,  1157.3, 1156.8,  1142.9, 923.2,  1262.0, 990.8,  1210.9, 868.6,  1464.4, 651.6,  1540.0, 912.0,  1538.6, 797.0,  1678.8, 789.8,  1697.6
user_12/IMG_20210815_235604.jpg, 632.7,  1249.7, 1030.6,  1229.1, 812.9,  1524.6, 663.1,  1629.4, 1041.5,  1615.1, 508.0,  1126.1, 697.0,  1126.7, 560.7,  1245.8, 638.9,  1221.0, 622.2,  1276.8, 708.9,  1255.0, 916.0,  1125.7, 1163.9,  1114.9, 955.1,  1244.6, 1016.7,  1196.4, 917.6,  1434.5, 703.5,  1514.4, 958.7,  1507.5, 846.5,  1652.4, 838.2,  1669.0
user_12/IMG_20210815_235605.jpg, 561.9,  1289.8, 968.5,  1269.9, 740.3,  1572.7, 612.2,  1683.2, 969.2,  1670.4, 437.1,  1158.9, 624.1,  1170.2, 489.6,  1283.5, 567.4,  1261.3, 551.0,  1318.5, 639.4,  1296.0, 843.5,  1169.5, 1102.0,  1147.1, 890.5,  1285.8, 952.8,  1237.3, 850.3,  1479.6, 637.4,  1561.2, 892.4,  1554.2, 780.6,  1704.7, 773.9,  1721.7
user_12/IMG_20210817_141908.jpg, 506.3,  1347.2, 970.4,  1254.8, 738.1,  1584.3, 588.7,  1799.0, 1043.5,  1725.3, 342.3,  1200.4, 553.2,  1153.9, 424.6,  1360.2, 508.9,  1318.8, 498.7,  1372.9, 593.0,  1336.8, 813.9,  1112.3, 1107.6,  1080.6, 884.6,  1280.9, 950.4,  1223.8, 862.4,  1487.1, 613.0,  1623.1, 926.4,  1574.2, 804.3,  1772.8, 798.0,  1798.2
user_12/IMG_20210817_141910.jpg, 498.2,  1401.0, 960.2,  1314.0, 737.7,  1651.1, 578.5,  1866.8, 1033.1,  1795.0, 337.6,  1263.6, 552.4,  1218.2, 415.4,  1413.3, 501.1,  1366.6, 490.0,  1430.8, 586.3,  1393.3, 809.0,  1181.8, 1094.8,  1150.2, 874.7,  1342.2, 939.2,  1277.5, 858.0,  1553.3, 606.4,  1689.8, 919.8,  1641.9, 797.7,  1837.3, 791.2,  1864.7
user_12/IMG_20210817_141912.jpg, 640.7,  1209.8, 1126.3,  1146.0, 878.1,  1453.3, 700.5,  1702.8, 1155.8,  1659.4, 484.7,  1058.6, 711.0,  1018.0, 553.4,  1221.4, 645.7,  1172.8, 631.1,  1240.0, 732.8,  1205.0, 981.4,  994.4, 1271.4,  988.1, 1036.2,  1169.0, 1107.4,  1105.3, 1004.8,  1373.9, 738.7,  1504.1, 1061.0,  1474.7, 923.4,  1673.2, 914.7,  1703.2
user_12/IMG_20210819_100046.jpg, 688.1,  1186.5, 1016.1,  1157.8, 850.6,  1400.7, 753.8,  1537.0, 1008.4,  1514.1, 582.0,  1096.6, 746.5,  1089.7, 630.0,  1187.4, 691.4,  1157.6, 681.2,  1212.7, 749.7,  1188.4, 916.4,  1082.2, 1118.4,  1065.8, 955.9,  1173.3, 1004.6,  1126.7, 926.4,  1330.8, 763.6,  1410.5, 959.2,  1397.9, 876.9,  1525.4, 872.8,  1544.7
user_12/IMG_20210819_100043.jpg, 697.2,  1230.0, 1031.6,  1202.5, 863.2,  1446.3, 765.3,  1577.9, 1025.9,  1555.7, 592.0,  1126.4, 753.9,  1125.8, 637.1,  1228.6, 701.3,  1205.1, 689.6,  1254.3, 760.6,  1231.9, 930.9,  1120.3, 1133.7,  1099.6, 969.5,  1216.9, 1019.4,  1175.2, 942.9,  1373.7, 773.6,  1452.8, 976.8,  1439.4, 893.1,  1573.6, 888.8,  1591.3
user_12/IMG_20210819_100045.jpg, 719.5,  1217.7, 1044.7,  1183.7, 888.6,  1421.8, 794.8,  1561.1, 1045.9,  1533.4, 613.3,  1117.0, 772.8,  1109.8, 660.1,  1218.5, 723.3,  1191.3, 712.6,  1242.8, 782.2,  1218.2, 947.3,  1101.0, 1143.5,  1079.5, 984.3,  1199.9, 1031.9,  1155.2, 963.0,  1353.0, 801.0,  1435.7, 996.9,  1418.2, 919.3,  1549.3, 915.5,  1567.5
user_12/IMG_20210820_235149.jpg, 761.3,  1256.7, 1185.2,  1285.5, 951.1,  1549.1, 781.7,  1738.0, 1107.8,  1756.7, 651.4,  1093.9, 858.5,  1111.0, 683.1,  1247.8, 772.8,  1228.4, 747.8,  1281.9, 841.4,  1268.7, 1094.1,  1143.5, 1329.4,  1169.7, 1107.4,  1290.5, 1176.1,  1250.6, 1055.6,  1483.6, 820.6,  1558.7, 1082.4,  1581.0, 953.4,  1749.4, 942.5,  1772.1
user_12/IMG_20210820_235150.jpg, 699.7,  1218.9, 1103.9,  1280.6, 852.5,  1513.3, 673.5,  1683.9, 987.3,  1730.9, 606.8,  1060.5, 804.5,  1090.8, 625.4,  1204.5, 713.8,  1189.0, 683.8,  1244.2, 775.8,  1237.8, 1023.2,  1139.0, 1250.3,  1184.9, 1027.4,  1280.3, 1097.8,  1242.7, 959.7,  1461.4, 727.9,  1515.5, 977.1,  1558.5, 837.4,  1703.5, 824.9,  1726.1
user_12/IMG_20210820_235147.jpg, 676.5,  1320.9, 1107.7,  1304.5, 871.3,  1624.5, 741.7,  1806.7, 1072.6,  1798.7, 549.8,  1178.4, 748.7,  1180.4, 599.4,  1317.6, 683.7,  1286.1, 664.3,  1352.3, 758.7,  1327.5, 985.3,  1185.8, 1242.7,  1176.0, 1026.5,  1321.0, 1091.4,  1265.0, 981.7,  1537.9, 760.1,  1635.4, 1019.7,  1633.0, 902.2,  1810.9, 895.3,  1833.8
user_12/IMG_20210822_105317.jpg, 571.4,  1223.1, 971.7,  1189.3, 761.5,  1495.2, 620.6,  1565.8, 1018.0,  1530.6, 445.0,  1095.7, 623.6,  1110.2, 500.0,  1218.0, 576.4,  1200.2, 561.6,  1247.7, 647.7,  1226.6, 849.2,  1102.6, 1099.7,  1061.1, 896.5,  1206.8, 956.2,  1163.1, 868.3,  1392.2, 651.8,  1473.3, 916.6,  1452.0, 812.1,  1597.3, 805.0,  1613.4
user_12/IMG_20210822_105314.jpg, 626.3,  1185.6, 1051.3,  1177.3, 801.8,  1505.4, 673.3,  1557.6, 1066.2,  1547.0, 496.2,  1059.8, 684.5,  1092.5, 551.8,  1173.6, 632.0,  1155.5, 614.2,  1217.3, 707.2,  1196.1, 916.4,  1098.2, 1195.8,  1066.8, 968.9,  1192.6, 1035.4,  1142.6, 918.3,  1396.2, 702.4,  1466.1, 963.6,  1462.3, 853.5,  1603.0, 846.3,  1618.2
user_12/IMG_20210822_105315.jpg, 559.4,  1234.6, 963.3,  1208.7, 744.3,  1515.3, 606.8,  1587.1, 1001.1,  1559.2, 435.8,  1109.5, 616.8,  1124.9, 488.0,  1228.0, 564.2,  1210.1, 548.9,  1260.7, 636.4,  1239.6, 839.3,  1122.1, 1094.3,  1087.3, 886.8,  1225.2, 947.6,  1180.8, 855.6,  1412.2, 636.1,  1490.4, 902.5,  1474.2, 794.7,  1619.2, 787.4,  1635.3
user_12/IMG_20210826_013759.jpg, 763.3,  1218.2, 1118.3,  1147.9, 937.7,  1423.2, 862.3,  1570.5, 1175.1,  1511.8, 633.7,  1102.1, 795.9,  1083.6, 703.3,  1223.8, 763.3,  1196.4, 759.0,  1240.8, 827.7,  1211.7, 986.7,  1052.6, 1226.2,  1007.4, 1052.9,  1168.3, 1101.7,  1124.0, 1035.6,  1334.5, 852.4,  1438.7, 1087.4,  1399.4, 1001.3,  1553.0, 999.9,  1572.0
user_12/IMG_20210826_013801.jpg, 646.2,  1233.0, 991.2,  1163.2, 819.1,  1430.2, 733.7,  1563.2, 1046.7,  1504.1, 523.2,  1131.8, 681.7,  1113.7, 586.8,  1239.0, 646.6,  1211.2, 641.3,  1255.1, 709.9,  1226.9, 865.8,  1083.4, 1093.2,  1037.3, 927.6,  1184.1, 974.9,  1140.2, 910.6,  1343.8, 733.1,  1442.6, 959.8,  1403.4, 876.7,  1548.0, 874.3,  1566.1
user_12/IMG_20210826_013802.jpg, 635.7,  1223.5, 978.3,  1154.8, 810.8,  1420.8, 719.1,  1547.7, 1031.8,  1489.2, 514.7,  1129.4, 674.0,  1113.3, 576.2,  1229.4, 636.8,  1202.2, 630.5,  1244.6, 699.2,  1217.7, 856.5,  1084.1, 1078.6,  1035.7, 915.6,  1175.4, 962.7,  1132.8, 898.2,  1334.8, 723.1,  1431.0, 946.2,  1392.7, 865.0,  1534.9, 862.0,  1552.3
user_12/IMG_20210826_110917.jpg, 743.5,  916.7, 1077.2,  868.3, 896.4,  1104.0, 794.7,  1209.9, 1108.4,  1171.9, 623.9,  809.1, 777.9,  800.9, 685.4,  919.1, 745.9,  896.3, 737.9,  936.9, 804.6,  914.4, 963.1,  779.1, 1186.6,  747.4, 1015.2,  884.6, 1064.6,  845.1, 981.6,  1031.1, 814.1,  1110.1, 1025.0,  1087.1, 938.2,  1208.1, 934.6,  1223.6
user_12/IMG_20210826_110919.jpg, 763.4,  1077.6, 1071.3,  1047.0, 911.5,  1227.4, 788.9,  1339.1, 1092.7,  1311.7, 665.7,  975.6, 810.6,  965.8, 708.8,  1080.2, 768.2,  1065.0, 757.1,  1089.4, 819.6,  1075.9, 979.2,  954.7, 1167.6,  946.5, 1015.5,  1056.3, 1063.4,  1031.9, 989.2,  1172.0, 820.3,  1240.6, 1026.2,  1224.3, 939.4,  1335.6, 933.1,  1348.9
user_12/IMG_20210826_110920.jpg, 689.9,  1125.5, 985.4,  1080.7, 833.6,  1273.9, 732.2,  1387.9, 1025.8,  1344.7, 588.8,  1040.0, 728.7,  1020.4, 638.5,  1130.7, 692.7,  1111.1, 684.6,  1139.0, 743.6,  1121.2, 888.6,  1001.5, 1080.2,  984.5, 932.0,  1093.0, 976.2,  1064.8, 909.5,  1213.5, 752.8,  1288.6, 949.5,  1263.0, 872.5,  1376.1, 868.0,  1389.5
user_12/IMG_20210826_150200.jpg, 660.7,  1250.2, 1001.9,  1246.4, 814.8,  1498.5, 711.5,  1609.4, 965.1,  1605.7, 559.7,  1149.9, 724.0,  1167.0, 599.5,  1243.6, 666.8,  1222.1, 650.7,  1276.7, 725.6,  1258.5, 906.0,  1174.3, 1113.6,  1159.4, 937.5,  1258.8, 991.0,  1214.7, 895.8,  1425.6, 728.5,  1491.5, 923.6,  1493.1, 834.8,  1618.9, 829.3,  1635.4
user_12/IMG_20210826_150158.jpg, 700.7,  1280.3, 1042.5,  1276.9, 857.7,  1526.0, 751.2,  1637.7, 1004.6,  1634.0, 598.7,  1177.1, 765.7,  1196.1, 638.9,  1273.5, 707.3,  1254.3, 691.0,  1305.2, 765.6,  1288.2, 948.7,  1203.5, 1155.2,  1188.3, 978.6,  1288.5, 1032.3,  1247.3, 937.1,  1453.5, 769.1,  1518.7, 964.8,  1520.7, 876.2,  1647.6, 870.5,  1664.0
user_12/IMG_20210826_150157.jpg, 686.4,  1233.0, 1034.3,  1248.5, 837.8,  1497.0, 719.9,  1603.0, 981.8,  1608.6, 585.6,  1127.7, 760.4,  1157.7, 622.8,  1222.8, 695.3,  1204.7, 674.9,  1259.2, 752.5,  1245.1, 944.8,  1175.0, 1156.0,  1171.5, 968.7,  1257.5, 1026.4,  1215.9, 919.3,  1425.0, 746.1,  1483.8, 943.6,  1494.8, 850.2,  1616.2, 843.3,  1633.8
user_12/IMG_20210826_182209.jpg, 566.7,  1249.4, 975.9,  1199.8, 749.0,  1491.0, 614.2,  1632.2, 1016.2,  1595.4, 438.2,  1122.5, 621.4,  1109.7, 495.9,  1251.6, 569.8,  1223.7, 557.8,  1273.5, 643.1,  1248.7, 841.9,  1090.9, 1103.5,  1063.6, 899.3,  1219.6, 957.9,  1171.0, 865.7,  1402.4, 641.1,  1497.3, 917.2,  1473.9, 797.4,  1626.2, 791.2,  1649.0
user_12/IMG_20210826_182211.jpg, 618.9,  1311.0, 1042.1,  1254.8, 824.4,  1557.8, 681.4,  1696.8, 1095.5,  1646.0, 483.1,  1169.6, 674.8,  1160.8, 544.8,  1312.2, 622.3,  1286.7, 610.3,  1335.8, 698.1,  1309.2, 905.0,  1140.3, 1169.0,  1101.1, 963.6,  1275.8, 1024.3,  1227.4, 939.5,  1460.8, 704.4,  1562.8, 994.0,  1530.1, 876.7,  1691.5, 870.7,  1714.7
user_12/IMG_20210826_182212.jpg, 613.3,  1232.7, 1030.2,  1164.6, 793.1,  1480.1, 694.9,  1655.2, 1070.4,  1610.4, 478.2,  1105.7, 657.0,  1086.6, 543.4,  1238.2, 613.6,  1200.9, 605.4,  1262.2, 690.8,  1229.3, 878.6,  1058.2, 1151.9,  1017.5, 951.5,  1189.1, 1008.2,  1130.1, 916.0,  1386.0, 698.7,  1497.2, 970.8,  1465.2, 854.5,  1634.1, 851.3,  1660.1
user_12/IMG_20210826_205057.jpg, 587.5,  1255.3, 939.7,  1164.8, 785.9,  1433.7, 683.7,  1586.0, 1009.1,  1507.8, 454.6,  1158.0, 619.3,  1125.0, 523.9,  1267.0, 589.0,  1232.1, 582.8,  1277.1, 654.5,  1245.0, 815.9,  1083.8, 1036.8,  1031.5, 875.4,  1189.8, 922.8,  1141.3, 867.0,  1350.0, 691.7,  1461.2, 918.4,  1409.7, 842.7,  1558.9, 839.3,  1576.9
user_12/IMG_20210826_205058.jpg, 607.3,  1220.2, 959.5,  1145.7, 796.0,  1410.8, 690.0,  1553.7, 1010.3,  1492.1, 479.8,  1120.6, 645.3,  1095.5, 543.6,  1228.5, 609.3,  1195.6, 601.7,  1243.3, 674.4,  1213.4, 839.1,  1063.5, 1060.7,  1019.3, 894.5,  1168.6, 943.0,  1120.4, 879.4,  1329.7, 702.3,  1432.0, 927.1,  1391.4, 845.4,  1534.6, 841.4,  1551.9
user_12/IMG_20210826_205100.jpg, 596.0,  1209.6, 940.9,  1140.7, 764.9,  1397.9, 671.4,  1542.4, 993.8,  1484.3, 476.0,  1109.4, 631.6,  1086.3, 535.8,  1217.4, 597.3,  1186.3, 590.2,  1231.2, 660.6,  1203.4, 820.4,  1056.9, 1044.8,  1018.3, 877.0,  1162.1, 923.9,  1116.3, 858.2,  1319.7, 679.7,  1418.8, 906.3,  1381.4, 820.8,  1523.5, 817.3,  1541.9
user_12/IMG_20210827_002020.jpg, 566.9,  1059.9, 908.1,  1117.6, 704.3,  1306.7, 542.8,  1395.4, 816.8,  1439.0, 489.3,  919.2, 660.5,  968.1, 502.7,  1041.6, 579.3,  1041.3, 554.0,  1078.4, 631.5,  1078.0, 845.0,  1010.8, 1034.8,  1032.5, 844.1,  1115.7, 904.6,  1092.4, 788.5,  1255.8, 595.5,  1287.0, 804.2,  1324.5, 689.5,  1431.8, 678.6,  1446.0
user_12/IMG_20210827_002019.jpg, 652.4,  1039.4, 1006.6,  1081.0, 807.6,  1272.6, 660.4,  1394.4, 936.0,  1416.6, 567.6,  892.0, 741.0,  931.4, 586.2,  1024.9, 663.9,  1017.8, 639.8,  1060.6, 719.6,  1054.1, 935.5,  966.7, 1133.5,  983.0, 940.6,  1082.8, 1001.3,  1053.0, 892.3,  1222.0, 698.3,  1268.9, 914.0,  1293.4, 807.5,  1410.6, 798.0,  1429.1
user_12/IMG_20210827_002017.jpg, 668.3,  1155.0, 1013.3,  1122.4, 825.6,  1366.9, 720.8,  1486.6, 1009.5,  1468.3, 558.8,  1045.9, 717.8,  1049.6, 607.0,  1153.9, 672.4,  1132.6, 660.5,  1176.8, 733.1,  1156.6, 903.5,  1040.1, 1119.8,  1010.8, 948.2,  1137.6, 999.3,  1097.5, 914.7,  1294.6, 737.7,  1371.0, 952.0,  1358.7, 858.1,  1489.9, 853.0,  1505.8
user_12/IMG_20210827_030622.jpg, 320.6,  1517.7, 987.7,  1402.7, 661.4,  1935.3, 477.0,  2180.1, 1052.6,  2103.8, 89.3,  1273.6, 379.7,  1251.1, 202.1,  1522.3, 324.4,  1476.6, 308.5,  1561.6, 447.3,  1510.2, 760.0,  1205.9, 1166.5,  1129.5, 862.2,  1440.6, 956.3,  1356.6, 835.2,  1767.9, 486.0,  1952.9, 919.1,  1893.3, 754.2,  2193.1, 745.4,  2221.2
user_12/IMG_20210827_030623.jpg, 416.8,  1460.8, 1012.2,  1356.4, 726.4,  1842.1, 545.3,  2086.5, 1058.9,  2022.5, 211.9,  1262.9, 482.0,  1232.8, 309.1,  1468.7, 421.3,  1418.5, 405.6,  1501.4, 531.1,  1454.6, 815.4,  1192.4, 1172.6,  1129.3, 900.7,  1392.3, 983.4,  1310.5, 877.1,  1696.8, 563.5,  1866.2, 948.7,  1816.7, 796.1,  2084.4, 787.5,  2114.4
user_12/IMG_20210827_141334.jpg, 651.6,  1242.4, 1024.0,  1197.1, 838.1,  1465.3, 714.5,  1589.6, 1055.1,  1550.9, 527.7,  1124.3, 702.9,  1118.8, 586.2,  1243.7, 655.8,  1224.5, 644.4,  1261.0, 720.0,  1240.5, 907.1,  1103.0, 1137.8,  1069.5, 956.6,  1212.0, 1011.7,  1176.8, 930.5,  1379.9, 734.1,  1468.7, 976.5,  1443.9, 880.6,  1594.0, 875.4,  1611.2
user_12/IMG_20210827_141335.jpg, 690.1,  1201.5, 1061.7,  1184.5, 868.6,  1428.2, 723.5,  1534.9, 1065.1,  1518.2, 567.6,  1083.0, 755.8,  1088.4, 622.9,  1198.4, 696.5,  1180.5, 682.0,  1222.2, 759.0,  1204.9, 959.7,  1086.2, 1189.9,  1075.4, 994.0,  1195.2, 1053.0,  1159.9, 954.3,  1353.1, 762.5,  1424.2, 993.3,  1417.6, 893.4,  1545.4, 886.8,  1562.6
user_12/IMG_20210827_141337.jpg, 637.1,  1160.1, 971.4,  1097.6, 799.5,  1317.6, 702.8,  1471.7, 1015.2,  1416.6, 522.1,  1064.5, 673.9,  1034.3, 579.1,  1169.2, 638.8,  1137.9, 631.6,  1180.1, 698.8,  1153.3, 857.3,  1007.2, 1073.4,  984.6, 909.9,  1115.5, 957.7,  1073.8, 886.2,  1253.0, 715.2,  1347.6, 931.7,  1312.8, 849.7,  1446.4, 845.9,  1463.5
user_12/IMG_20210828_091210.jpg, 572.8,  1171.5, 1038.3,  1266.2, 767.7,  1487.5, 527.5,  1670.1, 897.0,  1735.7, 476.9,  958.0, 712.5,  1012.0, 484.7,  1150.3, 590.6,  1144.1, 555.6,  1196.0, 660.4,  1195.5, 970.7,  1082.8, 1212.3,  1145.9, 953.4,  1259.4, 1035.9,  1228.3, 880.4,  1439.5, 605.6,  1483.8, 897.4,  1545.9, 735.7,  1698.7, 718.0,  1725.8
user_12/IMG_20210828_091212.jpg, 545.0,  1149.9, 1007.7,  1239.1, 733.3,  1458.0, 500.0,  1651.6, 871.3,  1716.7, 448.7,  941.5, 680.1,  986.4, 458.8,  1131.0, 561.3,  1123.9, 528.5,  1173.1, 631.3,  1171.6, 934.3,  1052.0, 1180.0,  1119.2, 923.3,  1231.5, 1004.5,  1203.1, 849.9,  1411.7, 574.7,  1460.0, 868.5,  1519.9, 704.4,  1677.7, 687.7,  1704.2
user_12/IMG_20210828_091209.jpg, 719.0,  1046.8, 1188.0,  1112.1, 920.3,  1352.3, 701.8,  1546.0, 1071.6,  1592.6, 612.3,  849.0, 845.3,  886.1, 630.9,  1030.6, 734.9,  1013.9, 701.8,  1076.3, 808.2,  1066.6, 1101.3,  938.4, 1354.2,  985.1, 1100.5,  1112.0, 1182.4,  1070.1, 1035.6,  1297.7, 765.0,  1359.4, 1058.9,  1403.1, 902.9,  1563.6, 887.6,  1590.5
user_12/IMG_20210829_155348.jpg, 649.7,  1275.2, 1029.5,  1212.4, 854.6,  1483.2, 724.3,  1638.0, 1065.7,  1586.1, 519.7,  1159.0, 702.3,  1138.8, 579.8,  1280.8, 653.6,  1249.5, 642.8,  1299.6, 722.5,  1270.7, 909.6,  1114.9, 1137.7,  1079.8, 959.4,  1233.5, 1013.9,  1185.2, 943.1,  1401.1, 744.0,  1503.9, 989.8,  1469.2, 895.9,  1621.9, 890.2,  1641.4
user_12/IMG_20210829_155349.jpg, 704.9,  1209.4, 1083.3,  1166.2, 899.4,  1420.3, 759.5,  1563.7, 1098.0,  1530.6, 581.1,  1078.3, 763.6,  1069.7, 634.8,  1211.0, 710.6,  1186.8, 697.1,  1231.9, 777.3,  1208.1, 972.1,  1055.6, 1196.6,  1032.6, 1012.8,  1182.8, 1069.9,  1140.6, 990.3,  1343.7, 786.7,  1434.6, 1032.6,  1412.7, 931.2,  1558.8, 924.3,  1577.5
user_12/IMG_20210829_155350.jpg, 675.6,  1158.4, 1058.2,  1111.7, 870.6,  1392.5, 755.6,  1540.4, 1079.0,  1500.5, 551.7,  1035.9, 728.2,  1029.7, 605.7,  1159.7, 680.1,  1129.8, 667.1,  1186.0, 749.4,  1158.2, 939.6,  1016.0, 1171.5,  983.7, 986.5,  1131.9, 1041.6,  1080.6, 963.1,  1309.0, 768.2,  1406.3, 1006.7,  1380.7, 914.8,  1533.5, 909.8,  1553.1
user_12/IMG_20210902_150841.jpg, 784.0,  1147.0, 1047.4,  1136.5, 896.3,  1293.2, 810.0,  1403.1, 1036.6,  1396.7, 706.1,  1057.3, 828.0,  1058.0, 737.3,  1146.4, 788.4,  1131.1, 777.6,  1161.6, 832.9,  1149.0, 971.0,  1058.0, 1136.6,  1057.6, 998.0,  1143.6, 1038.9,  1117.8, 966.9,  1250.4, 828.5,  1304.9, 993.9,  1302.6, 918.3,  1398.7, 913.9,  1412.5
user_12/IMG_20210902_150842.jpg, 808.1,  1120.9, 1073.6,  1107.4, 929.8,  1271.5, 834.8,  1377.4, 1073.3,  1366.1, 725.8,  1031.6, 852.6,  1030.0, 760.0,  1120.7, 812.8,  1104.6, 801.6,  1135.7, 857.8,  1122.7, 999.2,  1029.0, 1163.9,  1026.6, 1024.2,  1115.7, 1065.3,  1088.3, 997.1,  1225.8, 857.0,  1282.2, 1025.3,  1277.2, 951.7,  1373.2, 947.1,  1387.4
user_12/IMG_20210902_150844.jpg, 766.9,  1147.4, 1026.7,  1129.7, 887.7,  1293.6, 795.8,  1396.5, 1030.4,  1382.1, 684.6,  1061.4, 808.6,  1058.2, 719.9,  1147.7, 771.2,  1130.4, 760.8,  1162.8, 815.8,  1148.7, 952.1,  1054.6, 1113.8,  1048.7, 978.3,  1139.1, 1018.1,  1110.1, 953.0,  1247.7, 816.7,  1304.7, 981.4,  1297.2, 910.1,  1391.0, 905.8,  1405.1
user_12/IMG_20210902_172538.jpg, 721.3,  1076.3, 1023.5,  1056.3, 865.8,  1257.6, 757.1,  1364.5, 1022.7,  1350.2, 623.2,  980.0, 772.5,  981.1, 666.2,  1075.2, 726.1,  1055.4, 714.3,  1095.7, 778.5,  1079.0, 937.3,  977.0, 1124.4,  962.2, 967.2,  1068.3, 1013.6,  1032.6, 938.0,  1199.9, 782.0,  1263.8, 969.7,  1256.2, 887.4,  1363.2, 882.6,  1379.3
user_12/IMG_20210902_194304.jpg, 633.4,  1242.3, 1020.5,  1165.2, 831.9,  1457.6, 722.9,  1609.1, 1065.3,  1551.7, 498.1,  1129.9, 676.2,  1108.8, 564.6,  1249.3, 635.3,  1217.4, 627.2,  1266.9, 706.7,  1235.5, 885.8,  1076.5, 1129.4,  1026.4, 948.4,  1188.8, 1002.1,  1139.4, 929.4,  1366.4, 731.7,  1474.5, 980.4,  1434.3, 886.4,  1595.9, 881.9,  1614.1
user_12/IMG_20210902_194301.jpg, 594.0,  1234.2, 985.1,  1192.2, 772.1,  1472.5, 653.8,  1605.7, 996.3,  1579.1, 468.1,  1107.9, 646.6,  1107.8, 525.4,  1233.9, 598.0,  1211.2, 585.8,  1257.3, 666.7,  1234.3, 856.9,  1093.8, 1105.4,  1060.3, 911.7,  1208.7, 969.5,  1166.4, 876.9,  1386.5, 671.6,  1475.7, 922.2,  1457.6, 815.1,  1610.7, 809.4,  1628.1
user_12/IMG_20210902_194303.jpg, 670.1,  1230.2, 1057.8,  1165.3, 866.7,  1446.2, 746.0,  1597.9, 1091.4,  1551.1, 537.1,  1106.6, 718.0,  1088.5, 601.2,  1235.3, 673.1,  1208.6, 663.4,  1252.1, 742.5,  1224.6, 929.1,  1062.1, 1169.3,  1022.9, 986.0,  1184.8, 1042.0,  1141.8, 964.7,  1358.8, 760.8,  1461.5, 1013.4,  1428.3, 913.5,  1590.0, 908.4,  1608.8
user_12/IMG_20210902_232854.jpg, 648.4,  1317.4, 976.8,  1266.0, 810.5,  1524.5, 732.2,  1659.3, 1002.9,  1620.7, 536.4,  1219.2, 689.1,  1207.7, 591.2,  1320.6, 649.5,  1291.5, 642.7,  1342.0, 710.1,  1315.3, 864.8,  1187.5, 1076.5,  1152.6, 915.7,  1285.5, 960.9,  1238.2, 894.9,  1447.1, 731.5,  1536.9, 936.0,  1511.3, 856.0,  1646.8, 853.7,  1665.3
user_12/IMG_20210902_232855.jpg, 654.7,  1289.3, 983.4,  1243.3, 818.6,  1500.9, 731.9,  1631.3, 1002.3,  1596.5, 543.4,  1191.6, 699.6,  1182.2, 597.2,  1291.9, 656.5,  1264.2, 648.9,  1313.1, 716.1,  1288.0, 875.4,  1165.0, 1083.8,  1134.4, 922.9,  1261.2, 969.4,  1216.1, 900.3,  1423.5, 735.4,  1510.1, 939.4,  1488.1, 858.8,  1623.3, 855.6,  1640.9
user_12/IMG_20210902_232857.jpg, 595.6,  1295.3, 924.8,  1241.1, 764.3,  1499.9, 684.7,  1648.6, 940.1,  1612.3, 480.6,  1199.6, 637.2,  1185.8, 537.0,  1300.1, 597.2,  1266.6, 590.1,  1321.4, 658.2,  1293.1, 815.8,  1164.5, 1022.4,  1127.6, 863.8,  1262.0, 908.8,  1210.7, 842.1,  1426.7, 684.5,  1519.2, 881.3,  1494.3, 803.7,  1630.3, 801.6,  1650.2
user_12/IMG_20210903_091808.jpg, 671.3,  1169.1, 987.7,  1122.7, 828.2,  1334.5, 748.5,  1457.2, 1010.7,  1416.2, 567.2,  1072.5, 713.3,  1071.5, 616.3,  1171.2, 674.6,  1156.3, 665.5,  1184.0, 728.7,  1165.0, 878.5,  1053.9, 1079.5,  1015.3, 929.8,  1134.8, 976.9,  1108.9, 907.5,  1264.0, 747.1,  1344.3, 948.4,  1316.1, 874.0,  1446.0, 871.1,  1460.4
user_12/IMG_20210903_091808.jpg, 1275.3,  72.3, 1275.3,  71.0, 1270.8,  76.5, 1263.9,  75.0, 1264.5,  74.1, 1278.0,  71.9, 1278.6,  72.4, 1275.2,  72.1, 1276.2,  72.4, 1274.7,  72.6, 1275.1,  72.0, 1278.5,  72.0, 1277.1,  70.5, 1275.1,  71.2, 1276.2,  71.2, 1271.5,  73.0, 1268.8,  74.1, 1269.1,  72.9, 1265.9,  75.7, 1265.0,  75.5
user_12/IMG_20210903_091810.jpg, 654.8,  1159.0, 954.0,  1120.7, 799.8,  1323.6, 714.8,  1443.7, 975.8,  1408.8, 556.5,  1062.1, 694.3,  1055.3, 601.8,  1161.1, 658.3,  1142.8, 648.9,  1175.4, 710.2,  1156.5, 856.0,  1042.3, 1045.9,  1019.4, 898.7,  1133.0, 942.7,  1102.9, 876.8,  1260.5, 722.2,  1336.1, 914.3,  1314.1, 840.2,  1433.7, 836.5,  1447.8
user_12/IMG_20210903_091810.jpg, 1242.4,  99.8, 1260.0,  103.1, 1249.8,  112.6, 1240.4,  117.3, 1254.9,  120.3, 1237.0,  94.7, 1248.2,  96.9, 1239.3,  99.0, 1242.9,  98.8, 1241.9,  100.8, 1245.6,  100.6, 1256.4,  98.5, 1266.9,  100.2, 1256.8,  102.7, 1260.1,  101.9, 1254.1,  109.6, 1243.9,  111.1, 1254.8,  113.2, 1248.4,  118.6, 1247.9,  119.6
user_12/IMG_20210903_091812.jpg, 664.0,  1173.5, 959.0,  1127.6, 808.2,  1341.1, 734.8,  1458.9, 988.3,  1417.9, 565.1,  1090.9, 702.6,  1082.1, 612.7,  1176.7, 665.9,  1155.4, 658.8,  1191.7, 718.5,  1170.3, 856.9,  1064.6, 1048.9,  1033.7, 904.6,  1142.2, 946.5,  1108.6, 884.6,  1273.3, 735.3,  1351.5, 923.3,  1325.6, 853.0,  1445.4, 850.4,  1460.0
user_12/IMG_20210903_091812.jpg, 1276.9,  189.9, 1277.3,  189.0, 1271.4,  191.0, 1267.3,  189.3, 1267.8,  188.7, 1278.6,  190.2, 1278.9,  190.2, 1277.0,  189.8, 1277.4,  190.1, 1276.4,  190.0, 1277.0,  189.6, 1279.1,  190.0, 1278.8,  189.0, 1277.1,  189.1, 1277.9,  189.2, 1273.6,  189.4, 1271.3,  189.7, 1271.8,  189.0, 1268.0,  190.0, 1267.5,  189.9
user_12/IMG_20210903_143722.jpg, 627.0,  1243.6, 999.8,  1209.0, 814.4,  1456.2, 694.2,  1651.9, 994.4,  1627.1, 509.2,  1125.2, 689.2,  1103.6, 560.0,  1248.7, 631.5,  1212.1, 619.1,  1270.5, 697.3,  1243.1, 892.4,  1095.8, 1112.2,  1091.2, 931.5,  1225.1, 986.4,  1174.5, 904.1,  1393.2, 708.8,  1491.0, 942.3,  1475.4, 843.7,  1629.1, 838.1,  1652.7
user_12/IMG_20210903_143720.jpg, 695.8,  1264.0, 1070.0,  1242.0, 885.3,  1487.9, 756.0,  1676.4, 1059.3,  1656.5, 581.8,  1138.6, 765.4,  1123.0, 628.4,  1266.3, 701.3,  1235.9, 687.4,  1288.7, 766.0,  1265.1, 969.2,  1123.2, 1185.5,  1126.7, 1002.3,  1254.7, 1058.5,  1210.6, 975.4,  1423.3, 773.5,  1515.2, 1011.6,  1505.3, 911.0,  1661.5, 904.4,  1684.0
user_12/IMG_20210903_143719.jpg, 706.0,  1254.8, 1082.8,  1256.2, 878.7,  1476.5, 740.8,  1674.0, 1038.6,  1674.9, 601.4,  1120.1, 783.0,  1116.6, 639.1,  1254.2, 713.1,  1230.1, 696.6,  1276.1, 775.1,  1259.1, 988.5,  1129.3, 1204.3,  1146.9, 1014.9,  1262.8, 1073.4,  1227.0, 974.1,  1423.6, 766.1,  1503.1, 1005.4,  1509.4, 893.2,  1662.9, 885.3,  1686.5
user_12/IMG_20210903_180747.jpg, 720.8,  1140.3, 1068.8,  1104.9, 865.2,  1358.1, 789.0,  1485.4, 1093.9,  1455.6, 605.6,  1026.4, 760.6,  1025.2, 662.5,  1139.9, 722.4,  1116.3, 714.2,  1164.4, 784.2,  1140.7, 946.7,  1012.7, 1188.0,  988.2, 1003.1,  1120.0, 1053.6,  1077.7, 967.0,  1280.6, 790.4,  1362.9, 1011.5,  1346.1, 920.3,  1480.5, 917.9,  1497.7
user_12/IMG_20210903_180749.jpg, 691.7,  1155.2, 1031.7,  1106.2, 846.5,  1361.1, 764.8,  1492.5, 1075.2,  1446.4, 573.5,  1053.5, 731.7,  1042.8, 635.0,  1158.8, 692.9,  1133.4, 686.7,  1176.0, 752.4,  1152.5, 912.7,  1022.8, 1146.5,  992.0, 970.2,  1122.3, 1018.3,  1082.2, 940.7,  1281.8, 766.1,  1370.2, 987.7,  1344.2, 902.2,  1479.9, 899.8,  1497.5
user_12/IMG_20210903_180750.jpg, 639.4,  1203.1, 979.2,  1159.6, 789.5,  1409.2, 713.1,  1536.2, 1010.9,  1494.9, 525.6,  1105.6, 680.1,  1102.9, 583.1,  1205.5, 640.6,  1179.7, 633.9,  1225.4, 700.0,  1202.0, 859.6,  1086.3, 1091.1,  1053.4, 917.5,  1175.5, 965.6,  1133.9, 881.7,  1332.1, 712.8,  1415.8, 926.5,  1393.4, 843.8,  1524.7, 841.7,  1542.6
user_12/IMG_20210903_204628.jpg, 679.3,  1234.4, 1053.2,  1176.1, 881.9,  1432.9, 761.5,  1589.7, 1086.3,  1537.5, 551.1,  1117.4, 731.9,  1100.3, 610.3,  1239.5, 683.3,  1207.9, 672.6,  1259.8, 751.2,  1230.4, 937.6,  1078.8, 1162.9,  1045.7, 984.3,  1196.7, 1038.0,  1147.8, 966.6,  1356.0, 776.3,  1456.2, 1012.1,  1422.6, 924.7,  1568.9, 920.1,  1589.4
user_12/IMG_20210903_204629.jpg, 747.8,  1165.9, 1131.8,  1109.9, 957.4,  1375.1, 822.4,  1514.0, 1158.8,  1465.5, 615.6,  1044.6, 806.9,  1035.8, 676.3,  1168.7, 752.9,  1142.9, 740.8,  1189.3, 821.4,  1162.8, 1016.4,  1015.1, 1245.8,  974.6, 1061.3,  1129.6, 1117.8,  1085.0, 1042.9,  1292.4, 844.1,  1388.4, 1088.3,  1356.9, 994.5,  1503.2, 989.0,  1522.4
user_12/IMG_20210903_204631.jpg, 678.0,  1166.5, 1063.5,  1109.4, 887.4,  1379.9, 761.9,  1525.2, 1090.0,  1475.6, 547.4,  1053.3, 736.2,  1042.1, 606.9,  1169.9, 682.2,  1139.3, 670.8,  1193.0, 752.3,  1163.9, 945.3,  1021.5, 1176.9,  980.7, 992.5,  1130.9, 1048.0,  1080.6, 972.1,  1297.9, 778.9,  1396.2, 1017.3,  1364.2, 927.2,  1510.5, 922.4,  1530.5
user_12/IMG_20210904_002346.jpg, 644.7,  1202.9, 968.7,  1216.0, 780.0,  1407.4, 657.3,  1552.9, 912.1,  1566.2, 553.4,  1090.5, 711.9,  1098.1, 586.4,  1198.5, 652.5,  1176.9, 634.9,  1225.0, 705.0,  1211.3, 887.1,  1114.1, 1079.9,  1129.3, 908.1,  1222.1, 961.4,  1185.5, 861.1,  1361.9, 688.6,  1421.3, 884.5,  1434.4, 784.9,  1550.3, 778.0,  1569.9
user_12/IMG_20210904_002343.jpg, 641.5,  1186.3, 983.0,  1197.7, 796.6,  1379.7, 667.8,  1534.0, 934.7,  1540.4, 549.2,  1058.5, 714.8,  1066.6, 580.6,  1182.2, 648.8,  1165.0, 632.5,  1205.5, 704.1,  1192.5, 900.6,  1082.5, 1096.0,  1097.5, 921.4,  1202.1, 976.0,  1171.8, 878.1,  1335.0, 695.5,  1396.9, 905.1,  1407.0, 805.2,  1530.1, 798.0,  1550.1
user_12/IMG_20210904_002345.jpg, 703.4,  1191.0, 1035.5,  1205.7, 851.5,  1392.8, 726.3,  1543.6, 989.9,  1550.3, 611.5,  1067.8, 774.0,  1075.8, 643.9,  1186.2, 711.0,  1167.7, 693.9,  1211.7, 764.7,  1198.3, 955.8,  1094.4, 1149.1,  1112.2, 975.0,  1210.2, 1028.9,  1177.8, 932.0,  1346.5, 753.7,  1407.6, 958.0,  1418.4, 861.2,  1540.8, 854.2,  1560.1
user_12/IMG_20210904_100754.jpg, 660.8,  1192.7, 1052.8,  1175.5, 847.0,  1448.5, 706.6,  1584.1, 1039.7,  1571.0, 543.0,  1061.2, 728.6,  1066.6, 588.6,  1188.5, 668.1,  1164.4, 650.1,  1219.8, 736.4,  1198.1, 943.5,  1069.2, 1175.8,  1056.8, 978.8,  1190.1, 1039.5,  1143.2, 943.1,  1369.2, 736.3,  1451.4, 979.8,  1444.9, 873.6,  1592.9, 866.0,  1611.5
user_12/IMG_20210904_100754.jpg, 838.3,  176.7, 917.7,  170.8, 879.7,  234.2, 851.6,  252.4, 912.0,  248.5, 808.2,  157.8, 854.0,  161.6, 824.3,  175.8, 838.8,  169.5, 837.3,  183.9, 852.9,  177.8, 894.7,  159.6, 944.0,  148.5, 903.2,  174.6, 915.9,  162.9, 895.3,  212.9, 857.0,  229.4, 901.9,  226.6, 882.0,  252.7, 881.3,  257.2
user_12/IMG_20210904_100756.jpg, 631.9,  1200.4, 1026.4,  1181.1, 817.4,  1460.2, 679.3,  1592.0, 1013.8,  1578.6, 512.2,  1072.4, 698.0,  1078.8, 559.4,  1196.0, 639.2,  1171.2, 621.1,  1228.2, 708.0,  1206.1, 913.2,  1080.0, 1149.7,  1063.3, 951.6,  1196.6, 1012.5,  1148.2, 913.5,  1378.8, 708.7,  1461.1, 951.1,  1453.9, 845.1,  1600.2, 837.8,  1618.9
user_12/IMG_20210904_100756.jpg, 827.2,  166.6, 906.2,  160.6, 866.5,  220.1, 843.0,  241.7, 904.3,  236.0, 799.0,  150.2, 842.6,  152.5, 814.3,  166.3, 827.2,  160.2, 826.5,  172.9, 841.0,  167.2, 881.2,  150.1, 932.2,  140.7, 892.3,  163.6, 904.7,  153.6, 883.9,  199.5, 845.3,  216.7, 891.6,  213.0, 872.4,  240.4, 872.0,  244.9
user_12/IMG_20210904_132241.jpg, 662.3,  1222.5, 995.1,  1186.2, 804.1,  1406.1, 710.6,  1539.7, 1007.9,  1513.5, 553.7,  1112.6, 704.4,  1107.0, 605.1,  1224.5, 665.2,  1200.3, 655.7,  1243.1, 723.2,  1222.1, 885.8,  1093.6, 1106.4,  1072.5, 932.7,  1200.9, 981.5,  1161.0, 896.2,  1343.3, 724.8,  1420.8, 936.5,  1405.4, 844.4,  1527.9, 841.0,  1546.9
user_12/IMG_20210904_132243.jpg, 691.8,  1179.3, 1025.4,  1154.7, 834.7,  1360.1, 732.6,  1493.9, 1032.2,  1473.7, 589.1,  1064.5, 741.5,  1060.6, 634.8,  1179.8, 695.3,  1159.6, 684.7,  1198.1, 752.5,  1180.0, 923.0,  1054.3, 1139.1,  1043.9, 963.4,  1166.1, 1013.4,  1131.5, 927.6,  1301.8, 750.2,  1374.1, 966.2,  1363.7, 870.9,  1485.1, 866.7,  1503.9
user_12/IMG_20210904_132243.jpg, 1653.6,  1098.5, 1671.6,  1103.1, 1660.7,  1111.6, 1651.0,  1118.0, 1665.2,  1121.3, 1647.5,  1093.0, 1659.7,  1096.2, 1650.6,  1097.8, 1654.0,  1097.6, 1653.3,  1099.4, 1656.5,  1099.3, 1667.8,  1098.2, 1679.2,  1100.7, 1668.7,  1102.4, 1671.9,  1102.1, 1665.2,  1108.9, 1654.5,  1110.2, 1665.8,  1113.0, 1659.1,  1118.4, 1658.5,  1119.7
user_12/IMG_20210904_132244.jpg, 680.4,  1188.9, 1003.0,  1162.1, 819.2,  1374.0, 716.8,  1497.6, 1008.9,  1480.1, 578.3,  1082.0, 727.1,  1077.4, 624.3,  1189.3, 684.1,  1166.7, 673.1,  1209.1, 740.1,  1190.5, 902.5,  1069.0, 1111.8,  1055.5, 942.3,  1175.5, 990.8,  1136.7, 907.7,  1314.7, 737.4,  1386.3, 944.7,  1376.2, 851.2,  1492.3, 846.8,  1510.1
user_12/IMG_20210904_132244.jpg, 1632.6,  1120.1, 1648.1,  1122.3, 1639.9,  1129.7, 1631.0,  1137.4, 1643.9,  1139.6, 1628.4,  1116.0, 1637.8,  1116.3, 1629.6,  1119.7, 1633.1,  1119.3, 1632.1,  1120.8, 1635.6,  1120.7, 1644.6,  1117.3, 1653.1,  1119.9, 1645.2,  1122.1, 1648.0,  1121.4, 1643.6,  1128.0, 1634.0,  1130.1, 1644.2,  1131.7, 1638.5,  1137.1, 1637.9,  1138.2
user_12/IMG_20210904_132244.jpg, 1705.2,  1159.2, 1721.4,  1159.8, 1712.4,  1166.3, 1705.0,  1175.5, 1717.6,  1176.6, 1700.3,  1154.8, 1709.1,  1154.6, 1702.3,  1159.4, 1705.5,  1158.3, 1704.9,  1159.9, 1708.1,  1159.4, 1717.5,  1155.0, 1726.8,  1156.7, 1718.6,  1159.8, 1721.2,  1158.8, 1716.1,  1165.1, 1707.4,  1167.8, 1717.1,  1168.8, 1711.7,  1174.1, 1711.3,  1175.4
user_12/IMG_20210904_160351.jpg, 748.5,  1299.5, 1062.3,  1301.4, 897.8,  1477.7, 759.1,  1605.7, 1042.6,  1608.3, 655.1,  1183.1, 813.3,  1186.8, 689.5,  1296.8, 756.2,  1277.6, 740.0,  1318.3, 808.1,  1305.4, 987.9,  1196.3, 1170.3,  1206.2, 1004.0,  1309.0, 1055.0,  1275.2, 972.3,  1433.3, 799.2,  1492.1, 1000.3,  1497.0, 906.4,  1602.1, 899.1,  1621.1
user_12/IMG_20210904_160352.jpg, 740.0,  1374.5, 1057.0,  1388.6, 881.2,  1573.2, 739.5,  1692.6, 1029.1,  1704.8, 650.8,  1258.3, 809.7,  1269.2, 681.2,  1368.8, 748.4,  1355.0, 730.7,  1391.4, 799.6,  1382.6, 982.9,  1285.7, 1169.9,  1301.3, 998.1,  1393.4, 1050.2,  1364.6, 961.5,  1525.4, 782.0,  1578.5, 988.1,  1590.9, 888.7,  1699.8, 880.8,  1717.1
user_12/IMG_20210904_183940.jpg, 698.9,  1145.6, 1050.1,  1112.7, 869.1,  1321.9, 741.3,  1454.4, 1046.4,  1433.4, 582.5,  1027.6, 756.7,  1021.2, 635.6,  1146.7, 704.3,  1128.8, 692.1,  1162.7, 763.8,  1144.4, 945.2,  1009.2, 1162.0,  993.0, 985.3,  1123.9, 1040.3,  1093.1, 951.5,  1259.6, 769.7,  1335.3, 989.9,  1321.8, 892.7,  1446.3, 887.0,  1463.3
user_12/IMG_20210904_183942.jpg, 738.6,  1091.8, 1073.9,  1077.5, 884.3,  1287.1, 758.0,  1409.0, 1056.7,  1406.9, 637.2,  977.4, 795.4,  977.1, 678.4,  1090.0, 744.3,  1068.5, 730.1,  1112.6, 801.5,  1096.1, 978.4,  976.7, 1184.3,  971.8, 1010.5,  1088.9, 1063.0,  1050.4, 971.6,  1230.9, 791.3,  1297.2, 1004.4,  1296.4, 902.3,  1412.5, 895.6,  1428.8
user_12/IMG_20210904_230135.jpg, 685.6,  1215.3, 1029.3,  1208.2, 843.8,  1438.0, 712.4,  1528.8, 1024.2,  1522.2, 581.8,  1100.8, 746.7,  1113.2, 623.3,  1209.3, 692.3,  1195.4, 676.4,  1235.3, 750.5,  1221.1, 935.2,  1118.6, 1145.0,  1107.5, 965.0,  1217.9, 1019.7,  1184.8, 929.4,  1367.7, 746.2,  1429.8, 963.3,  1427.9, 867.2,  1549.0, 860.3,  1562.5
user_12/IMG_20210904_230134.jpg, 677.3,  1211.1, 1024.4,  1202.7, 835.1,  1430.4, 704.2,  1527.2, 1019.4,  1520.4, 573.9,  1093.1, 738.3,  1103.2, 615.0,  1205.6, 683.5,  1190.5, 668.1,  1231.6, 742.5,  1216.6, 928.3,  1107.8, 1140.3,  1098.2, 959.5,  1212.8, 1014.3,  1178.5, 923.3,  1361.8, 736.9,  1425.3, 957.9,  1423.3, 859.4,  1545.3, 852.5,  1559.6
user_12/IMG_20210904_230137.jpg, 597.0,  1211.6, 922.9,  1191.3, 753.2,  1415.2, 631.6,  1521.2, 930.2,  1503.2, 493.8,  1111.9, 651.6,  1109.9, 537.5,  1210.2, 602.4,  1189.1, 588.8,  1232.6, 659.1,  1214.7, 830.0,  1107.5, 1030.4,  1096.6, 862.1,  1204.0, 912.1,  1166.0, 832.7,  1349.5, 661.7,  1418.4, 867.1,  1409.2, 779.5,  1527.0, 773.5,  1541.5
user_12/IMG_20210905_022803.jpg, 685.6,  1252.3, 1142.3,  1232.1, 883.2,  1497.6, 736.3,  1735.2, 1100.9,  1727.9, 555.5,  1073.3, 760.7,  1062.7, 605.1,  1253.7, 692.4,  1219.9, 674.7,  1281.4, 770.2,  1254.2, 1015.3,  1064.0, 1286.1,  1073.7, 1056.6,  1244.8, 1126.9,  1193.5, 1006.7,  1433.3, 759.9,  1538.1, 1049.3,  1535.0, 912.9,  1717.7, 905.1,  1746.4
user_12/IMG_20210905_022801.jpg, 679.8,  1276.5, 1127.8,  1267.4, 874.0,  1529.4, 721.6,  1761.9, 1089.5,  1757.9, 554.5,  1099.8, 757.1,  1090.2, 599.9,  1276.5, 687.6,  1240.8, 667.9,  1307.5, 763.6,  1281.1, 1009.7,  1099.3, 1273.6,  1117.9, 1043.5,  1279.7, 1113.5,  1225.2, 994.7,  1468.5, 749.6,  1569.5, 1035.1,  1570.4, 901.6,  1746.8, 893.2,  1774.6
user_12/IMG_20210905_022804.jpg, 672.6,  1244.0, 1129.9,  1227.5, 868.2,  1514.4, 725.9,  1745.6, 1085.8,  1739.4, 542.3,  1069.4, 745.9,  1063.7, 590.6,  1243.0, 680.6,  1203.9, 659.7,  1279.2, 759.3,  1249.7, 1000.7,  1068.3, 1274.3,  1073.5, 1042.1,  1243.7, 1113.1,  1181.0, 991.3,  1445.3, 748.1,  1552.4, 1032.4,  1549.3, 898.8,  1728.6, 891.3,  1757.1
user_12/IMG_20210905_093611.jpg, 677.6,  1193.3, 1075.6,  1180.0, 874.7,  1440.4, 706.1,  1563.9, 1068.5,  1552.9, 557.6,  1057.1, 752.9,  1061.7, 603.9,  1189.2, 685.8,  1169.2, 667.4,  1216.6, 753.5,  1198.4, 973.0,  1065.9, 1202.6,  1059.7, 1002.1,  1192.0, 1065.2,  1151.7, 968.0,  1363.3, 751.3,  1440.7, 1005.3,  1436.3, 893.7,  1581.3, 884.5,  1597.9
user_12/IMG_20210905_093609.jpg, 622.6,  1216.5, 1034.2,  1204.6, 821.6,  1475.8, 654.7,  1599.7, 1024.5,  1589.2, 499.0,  1079.3, 699.6,  1086.9, 547.0,  1211.3, 630.7,  1190.1, 611.8,  1241.9, 701.1,  1222.6, 926.4,  1092.1, 1167.2,  1083.5, 957.8,  1217.7, 1022.7,  1173.9, 919.2,  1395.8, 698.7,  1474.0, 957.7,  1470.4, 843.3,  1617.4, 834.4,  1635.6
user_12/IMG_20210905_093612.jpg, 641.1,  1142.5, 1041.1,  1124.6, 844.6,  1389.8, 675.4,  1517.2, 1030.3,  1502.8, 517.1,  1016.6, 717.5,  1017.9, 566.1,  1139.6, 649.3,  1114.8, 631.0,  1168.1, 718.1,  1147.4, 938.1,  1019.7, 1167.1,  1010.8, 967.4,  1138.9, 1030.1,  1093.3, 932.3,  1312.9, 722.0,  1392.4, 968.7,  1386.2, 861.0,  1528.8, 852.0,  1546.7
